Sbox,Non Linearity,Differential Uniformity,Maximal Difference Probability Absolute,Fixed Point,patten
"[54, 38, 62, 14, 52, 34, 61, 3, 50, 48, 126, 93, 32, 36, 111, 66, 118, 71, 114, 39, 84, 97, 65, 24, 122, 73, 58, 108, 76, 123, 31, 69, 86, 72, 79, 121, 22, 30, 46, 6, 83, 127, 10, 15, 11, 49, 113, 106, 20, 47, 9, 94, 116, 91, 88, 19, 89, 64, 4, 112, 37, 40, 75, 35, 87, 23, 25, 104, 77, 43, 0, 95, 55, 99, 53, 81, 60, 78, 63, 117, 7, 102, 68, 80, 125, 56, 45, 21, 109, 8, 98, 115, 2, 67, 28, 33, 51, 124, 44, 90, 105, 16, 85, 29, 82, 41, 5, 70, 17, 92, 103, 26, 1, 107, 27, 12, 59, 101, 18, 57, 42, 100, 120, 74, 13, 119, 110, 96]",56,2,2,[],"[0, 1, 2, 3, 4, 5, 6]"
"[53, 37, 61, 13, 52, 33, 62, 3, 49, 48, 125, 94, 32, 36, 111, 65, 117, 71, 113, 39, 84, 98, 66, 24, 121, 74, 57, 108, 76, 123, 31, 70, 85, 72, 79, 122, 21, 29, 45, 5, 83, 127, 9, 15, 11, 50, 114, 105, 20, 47, 10, 93, 116, 91, 88, 19, 90, 64, 4, 112, 38, 40, 75, 35, 87, 23, 26, 104, 78, 43, 0, 95, 55, 99, 54, 82, 60, 77, 63, 118, 7, 101, 68, 80, 126, 56, 46, 22, 110, 8, 97, 115, 1, 67, 28, 34, 51, 124, 44, 89, 106, 16, 86, 30, 81, 42, 6, 69, 18, 92, 103, 25, 2, 107, 27, 12, 59, 102, 17, 58, 41, 100, 120, 73, 14, 119, 109, 96]",56,2,2,[77],"[1, 0, 2, 3, 4, 5, 6]"
"[53, 37, 61, 13, 49, 36, 59, 6, 52, 48, 125, 91, 32, 33, 111, 68, 117, 71, 116, 39, 81, 98, 66, 24, 124, 74, 60, 105, 73, 126, 31, 67, 85, 72, 79, 122, 21, 29, 45, 5, 86, 127, 12, 15, 14, 50, 114, 108, 17, 47, 10, 93, 113, 94, 88, 22, 90, 64, 1, 112, 35, 40, 78, 38, 87, 23, 26, 104, 75, 46, 0, 95, 55, 102, 51, 82, 57, 77, 63, 115, 7, 101, 65, 80, 123, 56, 43, 19, 107, 8, 100, 118, 4, 70, 25, 34, 54, 121, 41, 92, 106, 16, 83, 27, 84, 42, 3, 69, 18, 89, 103, 28, 2, 110, 30, 9, 62, 99, 20, 58, 44, 97, 120, 76, 11, 119, 109, 96]",56,2,2,[77],"[2, 0, 1, 3, 4, 5, 6]"
"[60, 44, 61, 13, 56, 36, 59, 6, 52, 48, 125, 91, 32, 40, 111, 68, 124, 78, 116, 46, 88, 98, 66, 17, 117, 67, 53, 105, 73, 119, 31, 74, 92, 65, 79, 115, 28, 29, 45, 12, 86, 127, 5, 15, 7, 50, 114, 101, 24, 47, 3, 93, 120, 87, 81, 22, 83, 64, 8, 112, 42, 33, 71, 38, 94, 30, 19, 97, 75, 39, 0, 95, 62, 102, 58, 82, 57, 77, 63, 122, 14, 108, 72, 80, 123, 49, 43, 26, 107, 1, 100, 118, 4, 70, 25, 34, 54, 121, 41, 85, 99, 16, 90, 27, 84, 35, 10, 76, 18, 89, 110, 21, 2, 103, 23, 9, 55, 106, 20, 51, 37, 104, 113, 69, 11, 126, 109, 96]",56,2,2,"[77, 110]","[3, 0, 1, 2, 4, 5, 6]"
"[54, 38, 62, 14, 50, 36, 59, 5, 52, 48, 126, 91, 32, 34, 111, 68, 118, 71, 116, 39, 82, 97, 65, 24, 124, 73, 60, 106, 74, 125, 31, 67, 86, 72, 79, 121, 22, 30, 46, 6, 85, 127, 12, 15, 13, 49, 113, 108, 18, 47, 9, 94, 114, 93, 88, 21, 89, 64, 2, 112, 35, 40, 77, 37, 87, 23, 25, 104, 75, 45, 0, 95, 55, 101, 51, 81, 58, 78, 63, 115, 7, 102, 66, 80, 123, 56, 43, 19, 107, 8, 100, 117, 4, 69, 26, 33, 53, 122, 42, 92, 105, 16, 83, 27, 84, 41, 3, 70, 17, 90, 103, 28, 1, 109, 29, 10, 61, 99, 20, 57, 44, 98, 120, 76, 11, 119, 110, 96]",56,2,2,[],"[0, 2, 1, 3, 4, 5, 6]"
"[51, 35, 59, 11, 50, 33, 62, 5, 49, 48, 123, 94, 32, 34, 111, 65, 115, 71, 113, 39, 82, 100, 68, 24, 121, 76, 57, 106, 74, 125, 31, 70, 83, 72, 79, 124, 19, 27, 43, 3, 85, 127, 9, 15, 13, 52, 116, 105, 18, 47, 12, 91, 114, 93, 88, 21, 92, 64, 2, 112, 38, 40, 77, 37, 87, 23, 28, 104, 78, 45, 0, 95, 55, 101, 54, 84, 58, 75, 63, 118, 7, 99, 66, 80, 126, 56, 46, 22, 110, 8, 97, 117, 1, 69, 26, 36, 53, 122, 42, 89, 108, 16, 86, 30, 81, 44, 6, 67, 20, 90, 103, 25, 4, 109, 29, 10, 61, 102, 17, 60, 41, 98, 120, 73, 14, 119, 107, 96]",56,2,2,[],"[1, 2, 0, 3, 4, 5, 6]"
"[51, 35, 59, 11, 49, 34, 61, 6, 50, 48, 123, 93, 32, 33, 111, 66, 115, 71, 114, 39, 81, 100, 68, 24, 122, 76, 58, 105, 73, 126, 31, 69, 83, 72, 79, 124, 19, 27, 43, 3, 86, 127, 10, 15, 14, 52, 116, 106, 17, 47, 12, 91, 113, 94, 88, 22, 92, 64, 1, 112, 37, 40, 78, 38, 87, 23, 28, 104, 77, 46, 0, 95, 55, 102, 53, 84, 57, 75, 63, 117, 7, 99, 65, 80, 125, 56, 45, 21, 109, 8, 98, 118, 2, 70, 25, 36, 54, 121, 41, 90, 108, 16, 85, 29, 82, 44, 5, 67, 20, 89, 103, 26, 4, 110, 30, 9, 62, 101, 18, 60, 42, 97, 120, 74, 13, 119, 107, 96]",56,2,2,[],"[2, 1, 0, 3, 4, 5, 6]"
"[58, 42, 59, 11, 56, 34, 61, 6, 50, 48, 123, 93, 32, 40, 111, 66, 122, 78, 114, 46, 88, 100, 68, 17, 115, 69, 51, 105, 73, 119, 31, 76, 90, 65, 79, 117, 26, 27, 43, 10, 86, 127, 3, 15, 7, 52, 116, 99, 24, 47, 5, 91, 120, 87, 81, 22, 85, 64, 8, 112, 44, 33, 71, 38, 94, 30, 21, 97, 77, 39, 0, 95, 62, 102, 60, 84, 57, 75, 63, 124, 14, 106, 72, 80, 125, 49, 45, 28, 109, 1, 98, 118, 2, 70, 25, 36, 54, 121, 41, 83, 101, 16, 92, 29, 82, 37, 12, 74, 20, 89, 110, 19, 4, 103, 23, 9, 55, 108, 18, 53, 35, 104, 113, 67, 13, 126, 107, 96]",56,2,2,[110],"[3, 1, 0, 2, 4, 5, 6]"
"[60, 44, 62, 14, 56, 36, 59, 5, 52, 48, 126, 91, 32, 40, 111, 68, 124, 77, 116, 45, 88, 97, 65, 18, 118, 67, 54, 106, 74, 119, 31, 73, 92, 66, 79, 115, 28, 30, 46, 12, 85, 127, 6, 15, 7, 49, 113, 102, 24, 47, 3, 94, 120, 87, 82, 21, 83, 64, 8, 112, 41, 34, 71, 37, 93, 29, 19, 98, 75, 39, 0, 95, 61, 101, 57, 81, 58, 78, 63, 121, 13, 108, 72, 80, 123, 50, 43, 25, 107, 2, 100, 117, 4, 69, 26, 33, 53, 122, 42, 86, 99, 16, 89, 27, 84, 35, 9, 76, 17, 90, 109, 22, 1, 103, 23, 10, 55, 105, 20, 51, 38, 104, 114, 70, 11, 125, 110, 96]",56,2,2,[125],"[0, 3, 1, 2, 4, 5, 6]"
"[57, 41, 59, 11, 56, 33, 62, 5, 49, 48, 123, 94, 32, 40, 111, 65, 121, 77, 113, 45, 88, 100, 68, 18, 115, 70, 51, 106, 74, 119, 31, 76, 89, 66, 79, 118, 25, 27, 43, 9, 85, 127, 3, 15, 7, 52, 116, 99, 24, 47, 6, 91, 120, 87, 82, 21, 86, 64, 8, 112, 44, 34, 71, 37, 93, 29, 22, 98, 78, 39, 0, 95, 61, 101, 60, 84, 58, 75, 63, 124, 13, 105, 72, 80, 126, 50, 46, 28, 110, 2, 97, 117, 1, 69, 26, 36, 53, 122, 42, 83, 102, 16, 92, 30, 81, 38, 12, 73, 20, 90, 109, 19, 4, 103, 23, 10, 55, 108, 17, 54, 35, 104, 114, 67, 14, 125, 107, 96]",56,2,2,[125],"[1, 3, 0, 2, 4, 5, 6]"
"[57, 41, 59, 11, 49, 40, 55, 12, 56, 48, 123, 87, 32, 33, 111, 72, 121, 77, 120, 45, 81, 100, 68, 18, 122, 70, 58, 99, 67, 126, 31, 69, 89, 66, 79, 118, 25, 27, 43, 9, 92, 127, 10, 15, 14, 52, 116, 106, 17, 47, 6, 91, 113, 94, 82, 28, 86, 64, 1, 112, 37, 34, 78, 44, 93, 29, 22, 98, 71, 46, 0, 95, 61, 108, 53, 84, 51, 75, 63, 117, 13, 105, 65, 80, 119, 50, 39, 21, 103, 2, 104, 124, 8, 76, 19, 36, 60, 115, 35, 90, 102, 16, 85, 23, 88, 38, 5, 73, 20, 83, 109, 26, 4, 110, 30, 3, 62, 101, 24, 54, 42, 97, 114, 74, 7, 125, 107, 96]",56,2,2,[125],"[2, 3, 0, 1, 4, 5, 6]"
"[58, 42, 59, 11, 50, 40, 55, 12, 56, 48, 123, 87, 32, 34, 111, 72, 122, 78, 120, 46, 82, 100, 68, 17, 121, 69, 57, 99, 67, 125, 31, 70, 90, 65, 79, 117, 26, 27, 43, 10, 92, 127, 9, 15, 13, 52, 116, 105, 18, 47, 5, 91, 114, 93, 81, 28, 85, 64, 2, 112, 38, 33, 77, 44, 94, 30, 21, 97, 71, 45, 0, 95, 62, 108, 54, 84, 51, 75, 63, 118, 14, 106, 66, 80, 119, 49, 39, 22, 103, 1, 104, 124, 8, 76, 19, 36, 60, 115, 35, 89, 101, 16, 86, 23, 88, 37, 6, 74, 20, 83, 110, 25, 4, 109, 29, 3, 61, 102, 24, 53, 41, 98, 113, 73, 7, 126, 107, 96]",56,2,2,[110],"[3, 2, 0, 1, 4, 5, 6]"
"[58, 42, 62, 14, 56, 34, 61, 3, 50, 48, 126, 93, 32, 40, 111, 66, 122, 75, 114, 43, 88, 97, 65, 20, 118, 69, 54, 108, 76, 119, 31, 73, 90, 68, 79, 117, 26, 30, 46, 10, 83, 127, 6, 15, 7, 49, 113, 102, 24, 47, 5, 94, 120, 87, 84, 19, 85, 64, 8, 112, 41, 36, 71, 35, 91, 27, 21, 100, 77, 39, 0, 95, 59, 99, 57, 81, 60, 78, 63, 121, 11, 106, 72, 80, 125, 52, 45, 25, 109, 4, 98, 115, 2, 67, 28, 33, 51, 124, 44, 86, 101, 16, 89, 29, 82, 37, 9, 74, 17, 92, 107, 22, 1, 103, 23, 12, 55, 105, 18, 53, 38, 104, 116, 70, 13, 123, 110, 96]",56,2,2,[],"[0, 1, 3, 2, 4, 5, 6]"
"[57, 41, 61, 13, 56, 33, 62, 3, 49, 48, 125, 94, 32, 40, 111, 65, 121, 75, 113, 43, 88, 98, 66, 20, 117, 70, 53, 108, 76, 119, 31, 74, 89, 68, 79, 118, 25, 29, 45, 9, 83, 127, 5, 15, 7, 50, 114, 101, 24, 47, 6, 93, 120, 87, 84, 19, 86, 64, 8, 112, 42, 36, 71, 35, 91, 27, 22, 100, 78, 39, 0, 95, 59, 99, 58, 82, 60, 77, 63, 122, 11, 105, 72, 80, 126, 52, 46, 26, 110, 4, 97, 115, 1, 67, 28, 34, 51, 124, 44, 85, 102, 16, 90, 30, 81, 38, 10, 73, 18, 92, 107, 21, 2, 103, 23, 12, 55, 106, 17, 54, 37, 104, 116, 69, 14, 123, 109, 96]",56,2,2,[77],"[1, 0, 3, 2, 4, 5, 6]"
"[57, 41, 61, 13, 49, 40, 55, 10, 56, 48, 125, 87, 32, 33, 111, 72, 121, 75, 120, 43, 81, 98, 66, 20, 124, 70, 60, 101, 69, 126, 31, 67, 89, 68, 79, 118, 25, 29, 45, 9, 90, 127, 12, 15, 14, 50, 114, 108, 17, 47, 6, 93, 113, 94, 84, 26, 86, 64, 1, 112, 35, 36, 78, 42, 91, 27, 22, 100, 71, 46, 0, 95, 59, 106, 51, 82, 53, 77, 63, 115, 11, 105, 65, 80, 119, 52, 39, 19, 103, 4, 104, 122, 8, 74, 21, 34, 58, 117, 37, 92, 102, 16, 83, 23, 88, 38, 3, 73, 18, 85, 107, 28, 2, 110, 30, 5, 62, 99, 24, 54, 44, 97, 116, 76, 7, 123, 109, 96]",56,2,2,[77],"[2, 0, 3, 1, 4, 5, 6]"
"[60, 44, 61, 13, 52, 40, 55, 10, 56, 48, 125, 87, 32, 36, 111, 72, 124, 78, 120, 46, 84, 98, 66, 17, 121, 67, 57, 101, 69, 123, 31, 70, 92, 65, 79, 115, 28, 29, 45, 12, 90, 127, 9, 15, 11, 50, 114, 105, 20, 47, 3, 93, 116, 91, 81, 26, 83, 64, 4, 112, 38, 33, 75, 42, 94, 30, 19, 97, 71, 43, 0, 95, 62, 106, 54, 82, 53, 77, 63, 118, 14, 108, 68, 80, 119, 49, 39, 22, 103, 1, 104, 122, 8, 74, 21, 34, 58, 117, 37, 89, 99, 16, 86, 23, 88, 35, 6, 76, 18, 85, 110, 25, 2, 107, 27, 5, 59, 102, 24, 51, 41, 100, 113, 73, 7, 126, 109, 96]",56,2,2,"[77, 110]","[3, 0, 2, 1, 4, 5, 6]"
"[116, 84, 124, 28, 100, 80, 109, 17, 112, 96, 126, 47, 64, 68, 95, 18, 118, 23, 114, 85, 38, 67, 3, 40, 122, 11, 120, 78, 14, 123, 61, 7, 54, 10, 31, 107, 52, 60, 92, 20, 51, 127, 24, 29, 25, 97, 99, 90, 36, 93, 9, 62, 102, 59, 42, 49, 43, 2, 4, 98, 69, 72, 27, 81, 55, 53, 41, 74, 15, 89, 0, 63, 117, 83, 101, 35, 108, 30, 125, 103, 21, 86, 6, 34, 111, 104, 77, 37, 79, 8, 82, 115, 16, 19, 44, 65, 113, 110, 76, 58, 75, 32, 39, 45, 50, 73, 5, 22, 33, 46, 87, 56, 1, 91, 57, 12, 121, 71, 48, 105, 88, 70, 106, 26, 13, 119, 94, 66]",56,2,2,[],"[0, 6, 2, 3, 1, 4, 5]"
"[101, 69, 109, 13, 100, 65, 124, 17, 97, 96, 111, 62, 64, 68, 95, 3, 103, 23, 99, 85, 38, 82, 18, 40, 107, 26, 105, 78, 14, 123, 61, 22, 39, 10, 31, 122, 37, 45, 77, 5, 51, 127, 9, 29, 25, 112, 114, 75, 36, 93, 24, 47, 102, 59, 42, 49, 58, 2, 4, 98, 84, 72, 27, 81, 55, 53, 56, 74, 30, 89, 0, 63, 117, 83, 116, 50, 108, 15, 125, 118, 21, 71, 6, 34, 126, 104, 92, 52, 94, 8, 67, 115, 1, 19, 44, 80, 113, 110, 76, 43, 90, 32, 54, 60, 35, 88, 20, 7, 48, 46, 87, 41, 16, 91, 57, 12, 121, 86, 33, 120, 73, 70, 106, 11, 28, 119, 79, 66]",56,2,2,[],"[1, 6, 2, 3, 0, 4, 5]"
"[101, 69, 109, 13, 97, 68, 121, 20, 100, 96, 111, 59, 64, 65, 95, 6, 103, 23, 102, 85, 35, 82, 18, 40, 110, 26, 108, 75, 11, 126, 61, 19, 39, 10, 31, 122, 37, 45, 77, 5, 54, 127, 12, 29, 28, 112, 114, 78, 33, 93, 24, 47, 99, 62, 42, 52, 58, 2, 1, 98, 81, 72, 30, 84, 55, 53, 56, 74, 27, 92, 0, 63, 117, 86, 113, 50, 105, 15, 125, 115, 21, 71, 3, 34, 123, 104, 89, 49, 91, 8, 70, 118, 4, 22, 41, 80, 116, 107, 73, 46, 90, 32, 51, 57, 38, 88, 17, 7, 48, 43, 87, 44, 16, 94, 60, 9, 124, 83, 36, 120, 76, 67, 106, 14, 25, 119, 79, 66]",56,2,2,[],"[2, 6, 1, 3, 0, 4, 5]"
"[108, 76, 109, 13, 104, 68, 121, 20, 100, 96, 111, 59, 64, 72, 95, 6, 110, 30, 102, 92, 42, 82, 18, 33, 103, 19, 101, 75, 11, 119, 61, 26, 46, 3, 31, 115, 44, 45, 77, 12, 54, 127, 5, 29, 21, 112, 114, 71, 40, 93, 17, 47, 106, 55, 35, 52, 51, 2, 8, 98, 88, 65, 23, 84, 62, 60, 49, 67, 27, 85, 0, 63, 124, 86, 120, 50, 105, 15, 125, 122, 28, 78, 10, 34, 123, 97, 89, 56, 91, 1, 70, 118, 4, 22, 41, 80, 116, 107, 73, 39, 83, 32, 58, 57, 38, 81, 24, 14, 48, 43, 94, 37, 16, 87, 53, 9, 117, 90, 36, 113, 69, 74, 99, 7, 25, 126, 79, 66]",56,2,2,[67],"[3, 6, 1, 2, 0, 4, 5]"
"[116, 84, 124, 28, 112, 68, 121, 5, 100, 96, 126, 59, 64, 80, 95, 6, 118, 23, 102, 85, 50, 67, 3, 40, 110, 11, 108, 90, 26, 111, 61, 19, 54, 10, 31, 107, 52, 60, 92, 20, 39, 127, 12, 29, 13, 97, 99, 78, 48, 93, 9, 62, 114, 47, 42, 37, 43, 2, 16, 98, 81, 72, 15, 69, 55, 53, 41, 74, 27, 77, 0, 63, 117, 71, 113, 35, 120, 30, 125, 115, 21, 86, 18, 34, 123, 104, 89, 49, 91, 8, 70, 103, 4, 7, 56, 65, 101, 122, 88, 46, 75, 32, 51, 57, 38, 73, 17, 22, 33, 58, 87, 44, 1, 79, 45, 24, 109, 83, 36, 105, 76, 82, 106, 14, 25, 119, 94, 66]",56,2,2,[48],"[0, 6, 1, 3, 2, 4, 5]"
"[113, 81, 121, 25, 112, 65, 124, 5, 97, 96, 123, 62, 64, 80, 95, 3, 115, 23, 99, 85, 50, 70, 6, 40, 107, 14, 105, 90, 26, 111, 61, 22, 51, 10, 31, 110, 49, 57, 89, 17, 39, 127, 9, 29, 13, 100, 102, 75, 48, 93, 12, 59, 114, 47, 42, 37, 46, 2, 16, 98, 84, 72, 15, 69, 55, 53, 44, 74, 30, 77, 0, 63, 117, 71, 116, 38, 120, 27, 125, 118, 21, 83, 18, 34, 126, 104, 92, 52, 94, 8, 67, 103, 1, 7, 56, 68, 101, 122, 88, 43, 78, 32, 54, 60, 35, 76, 20, 19, 36, 58, 87, 41, 4, 79, 45, 24, 109, 86, 33, 108, 73, 82, 106, 11, 28, 119, 91, 66]",56,2,2,[48],"[1, 6, 0, 3, 2, 4, 5]"
"[113, 81, 121, 25, 97, 80, 109, 20, 112, 96, 123, 47, 64, 65, 95, 18, 115, 23, 114, 85, 35, 70, 6, 40, 122, 14, 120, 75, 11, 126, 61, 7, 51, 10, 31, 110, 49, 57, 89, 17, 54, 127, 24, 29, 28, 100, 102, 90, 33, 93, 12, 59, 99, 62, 42, 52, 46, 2, 1, 98, 69, 72, 30, 84, 55, 53, 44, 74, 15, 92, 0, 63, 117, 86, 101, 38, 105, 27, 125, 103, 21, 83, 3, 34, 111, 104, 77, 37, 79, 8, 82, 118, 16, 22, 41, 68, 116, 107, 73, 58, 78, 32, 39, 45, 50, 76, 5, 19, 36, 43, 87, 56, 4, 94, 60, 9, 124, 71, 48, 108, 88, 67, 106, 26, 13, 119, 91, 66]",56,2,2,[],"[2, 6, 0, 3, 1, 4, 5]"
"[120, 88, 121, 25, 104, 80, 109, 20, 112, 96, 123, 47, 64, 72, 95, 18, 122, 30, 114, 92, 42, 70, 6, 33, 115, 7, 113, 75, 11, 119, 61, 14, 58, 3, 31, 103, 56, 57, 89, 24, 54, 127, 17, 29, 21, 100, 102, 83, 40, 93, 5, 59, 106, 55, 35, 52, 39, 2, 8, 98, 76, 65, 23, 84, 62, 60, 37, 67, 15, 85, 0, 63, 124, 86, 108, 38, 105, 27, 125, 110, 28, 90, 10, 34, 111, 97, 77, 44, 79, 1, 82, 118, 16, 22, 41, 68, 116, 107, 73, 51, 71, 32, 46, 45, 50, 69, 12, 26, 36, 43, 94, 49, 4, 87, 53, 9, 117, 78, 48, 101, 81, 74, 99, 19, 13, 126, 91, 66]",56,2,2,[67],"[3, 6, 0, 2, 1, 4, 5]"
"[108, 76, 124, 28, 104, 68, 121, 5, 100, 96, 126, 59, 64, 72, 95, 6, 110, 15, 102, 77, 42, 67, 3, 48, 118, 19, 116, 90, 26, 119, 61, 11, 46, 18, 31, 115, 44, 60, 92, 12, 39, 127, 20, 29, 21, 97, 99, 86, 40, 93, 17, 62, 106, 55, 50, 37, 51, 2, 8, 98, 73, 80, 23, 69, 47, 45, 49, 82, 27, 85, 0, 63, 109, 71, 105, 35, 120, 30, 125, 107, 13, 78, 10, 34, 123, 112, 89, 41, 91, 16, 70, 103, 4, 7, 56, 65, 101, 122, 88, 54, 83, 32, 43, 57, 38, 81, 9, 14, 33, 58, 79, 52, 1, 87, 53, 24, 117, 75, 36, 113, 84, 74, 114, 22, 25, 111, 94, 66]",56,2,2,[],"[0, 6, 1, 2, 3, 4, 5]"
"[105, 73, 121, 25, 104, 65, 124, 5, 97, 96, 123, 62, 64, 72, 95, 3, 107, 15, 99, 77, 42, 70, 6, 48, 115, 22, 113, 90, 26, 119, 61, 14, 43, 18, 31, 118, 41, 57, 89, 9, 39, 127, 17, 29, 21, 100, 102, 83, 40, 93, 20, 59, 106, 55, 50, 37, 54, 2, 8, 98, 76, 80, 23, 69, 47, 45, 52, 82, 30, 85, 0, 63, 109, 71, 108, 38, 120, 27, 125, 110, 13, 75, 10, 34, 126, 112, 92, 44, 94, 16, 67, 103, 1, 7, 56, 68, 101, 122, 88, 51, 86, 32, 46, 60, 35, 84, 12, 11, 36, 58, 79, 49, 4, 87, 53, 24, 117, 78, 33, 116, 81, 74, 114, 19, 28, 111, 91, 66]",56,2,2,[],"[1, 6, 0, 2, 3, 4, 5]"
"[105, 73, 121, 25, 97, 72, 117, 12, 104, 96, 123, 55, 64, 65, 95, 10, 107, 15, 106, 77, 35, 70, 6, 48, 122, 22, 120, 83, 19, 126, 61, 7, 43, 18, 31, 118, 41, 57, 89, 9, 46, 127, 24, 29, 28, 100, 102, 90, 33, 93, 20, 59, 99, 62, 50, 44, 54, 2, 1, 98, 69, 80, 30, 76, 47, 45, 52, 82, 23, 92, 0, 63, 109, 78, 101, 38, 113, 27, 125, 103, 13, 75, 3, 34, 119, 112, 85, 37, 87, 16, 74, 110, 8, 14, 49, 68, 108, 115, 81, 58, 86, 32, 39, 53, 42, 84, 5, 11, 36, 51, 79, 56, 4, 94, 60, 17, 124, 71, 40, 116, 88, 67, 114, 26, 21, 111, 91, 66]",56,2,2,[],"[2, 6, 0, 1, 3, 4, 5]"
"[120, 88, 121, 25, 112, 72, 117, 12, 104, 96, 123, 55, 64, 80, 95, 10, 122, 30, 106, 92, 50, 70, 6, 33, 107, 7, 105, 83, 19, 111, 61, 22, 58, 3, 31, 103, 56, 57, 89, 24, 46, 127, 9, 29, 13, 100, 102, 75, 48, 93, 5, 59, 114, 47, 35, 44, 39, 2, 16, 98, 84, 65, 15, 76, 62, 60, 37, 67, 23, 77, 0, 63, 124, 78, 116, 38, 113, 27, 125, 118, 28, 90, 18, 34, 119, 97, 85, 52, 87, 1, 74, 110, 8, 14, 49, 68, 108, 115, 81, 43, 71, 32, 54, 53, 42, 69, 20, 26, 36, 51, 94, 41, 4, 79, 45, 17, 109, 86, 40, 101, 73, 82, 99, 11, 21, 126, 91, 66]",56,2,2,"[48, 67]","[3, 6, 0, 1, 2, 4, 5]"
"[120, 88, 124, 28, 104, 80, 109, 17, 112, 96, 126, 47, 64, 72, 95, 18, 122, 27, 114, 89, 42, 67, 3, 36, 118, 7, 116, 78, 14, 119, 61, 11, 58, 6, 31, 103, 56, 60, 92, 24, 51, 127, 20, 29, 21, 97, 99, 86, 40, 93, 5, 62, 106, 55, 38, 49, 39, 2, 8, 98, 73, 68, 23, 81, 59, 57, 37, 70, 15, 85, 0, 63, 121, 83, 105, 35, 108, 30, 125, 107, 25, 90, 10, 34, 111, 100, 77, 41, 79, 4, 82, 115, 16, 19, 44, 65, 113, 110, 76, 54, 71, 32, 43, 45, 50, 69, 9, 26, 33, 46, 91, 52, 1, 87, 53, 12, 117, 75, 48, 101, 84, 74, 102, 22, 13, 123, 94, 66]",56,2,2,[],"[0, 6, 3, 2, 1, 4, 5]"
"[105, 73, 109, 13, 104, 65, 124, 17, 97, 96, 111, 62, 64, 72, 95, 3, 107, 27, 99, 89, 42, 82, 18, 36, 103, 22, 101, 78, 14, 119, 61, 26, 43, 6, 31, 118, 41, 45, 77, 9, 51, 127, 5, 29, 21, 112, 114, 71, 40, 93, 20, 47, 106, 55, 38, 49, 54, 2, 8, 98, 88, 68, 23, 81, 59, 57, 52, 70, 30, 85, 0, 63, 121, 83, 120, 50, 108, 15, 125, 122, 25, 75, 10, 34, 126, 100, 92, 56, 94, 4, 67, 115, 1, 19, 44, 80, 113, 110, 76, 39, 86, 32, 58, 60, 35, 84, 24, 11, 48, 46, 91, 37, 16, 87, 53, 12, 117, 90, 33, 116, 69, 74, 102, 7, 28, 123, 79, 66]",56,2,2,[],"[1, 6, 3, 2, 0, 4, 5]"
"[105, 73, 109, 13, 97, 72, 117, 24, 104, 96, 111, 55, 64, 65, 95, 10, 107, 27, 106, 89, 35, 82, 18, 36, 110, 22, 108, 71, 7, 126, 61, 19, 43, 6, 31, 118, 41, 45, 77, 9, 58, 127, 12, 29, 28, 112, 114, 78, 33, 93, 20, 47, 99, 62, 38, 56, 54, 2, 1, 98, 81, 68, 30, 88, 59, 57, 52, 70, 23, 92, 0, 63, 121, 90, 113, 50, 101, 15, 125, 115, 25, 75, 3, 34, 119, 100, 85, 49, 87, 4, 74, 122, 8, 26, 37, 80, 120, 103, 69, 46, 86, 32, 51, 53, 42, 84, 17, 11, 48, 39, 91, 44, 16, 94, 60, 5, 124, 83, 40, 116, 76, 67, 102, 14, 21, 123, 79, 66]",56,2,2,[],"[2, 6, 3, 1, 0, 4, 5]"
"[108, 76, 109, 13, 100, 72, 117, 24, 104, 96, 111, 55, 64, 68, 95, 10, 110, 30, 106, 92, 38, 82, 18, 33, 107, 19, 105, 71, 7, 123, 61, 22, 46, 3, 31, 115, 44, 45, 77, 12, 58, 127, 9, 29, 25, 112, 114, 75, 36, 93, 17, 47, 102, 59, 35, 56, 51, 2, 4, 98, 84, 65, 27, 88, 62, 60, 49, 67, 23, 89, 0, 63, 124, 90, 116, 50, 101, 15, 125, 118, 28, 78, 6, 34, 119, 97, 85, 52, 87, 1, 74, 122, 8, 26, 37, 80, 120, 103, 69, 43, 83, 32, 54, 53, 42, 81, 20, 14, 48, 39, 94, 41, 16, 91, 57, 5, 121, 86, 40, 113, 73, 70, 99, 11, 21, 126, 79, 66]",56,2,2,[67],"[3, 6, 2, 1, 0, 4, 5]"
"[54, 22, 62, 26, 52, 6, 61, 3, 38, 36, 126, 121, 4, 20, 95, 66, 118, 83, 102, 23, 112, 69, 65, 40, 110, 73, 46, 92, 88, 111, 59, 81, 114, 72, 91, 109, 50, 58, 30, 18, 99, 127, 10, 27, 11, 37, 101, 78, 48, 31, 9, 122, 116, 107, 104, 35, 105, 64, 16, 100, 21, 12, 75, 7, 115, 51, 41, 76, 89, 15, 0, 123, 55, 71, 53, 97, 60, 90, 63, 117, 19, 86, 80, 96, 125, 44, 29, 49, 93, 8, 70, 103, 2, 67, 56, 5, 39, 124, 28, 106, 77, 32, 113, 57, 98, 13, 17, 82, 33, 120, 87, 42, 1, 79, 43, 24, 47, 85, 34, 45, 14, 84, 108, 74, 25, 119, 94, 68]",56,2,2,[48],"[0, 1, 5, 3, 2, 4, 6]"
"[53, 21, 61, 25, 52, 5, 62, 3, 37, 36, 125, 122, 4, 20, 95, 65, 117, 83, 101, 23, 112, 70, 66, 40, 109, 74, 45, 92, 88, 111, 59, 82, 113, 72, 91, 110, 49, 57, 29, 17, 99, 127, 9, 27, 11, 38, 102, 77, 48, 31, 10, 121, 116, 107, 104, 35, 106, 64, 16, 100, 22, 12, 75, 7, 115, 51, 42, 76, 90, 15, 0, 123, 55, 71, 54, 98, 60, 89, 63, 118, 19, 85, 80, 96, 126, 44, 30, 50, 94, 8, 69, 103, 1, 67, 56, 6, 39, 124, 28, 105, 78, 32, 114, 58, 97, 14, 18, 81, 34, 120, 87, 41, 2, 79, 43, 24, 47, 86, 33, 46, 13, 84, 108, 73, 26, 119, 93, 68]",56,2,2,"[5, 48]","[1, 0, 5, 3, 2, 4, 6]"
"[53, 21, 61, 25, 37, 20, 47, 18, 52, 36, 125, 107, 4, 5, 95, 80, 117, 83, 116, 23, 97, 70, 66, 40, 124, 74, 60, 77, 73, 126, 59, 67, 113, 72, 91, 110, 49, 57, 29, 17, 114, 127, 24, 27, 26, 38, 102, 92, 33, 31, 10, 121, 101, 122, 104, 50, 106, 64, 1, 100, 7, 12, 90, 22, 115, 51, 42, 76, 75, 30, 0, 123, 55, 86, 39, 98, 45, 89, 63, 103, 19, 85, 65, 96, 111, 44, 15, 35, 79, 8, 84, 118, 16, 82, 41, 6, 54, 109, 13, 120, 78, 32, 99, 43, 112, 14, 3, 81, 34, 105, 87, 56, 2, 94, 58, 9, 62, 71, 48, 46, 28, 69, 108, 88, 11, 119, 93, 68]",56,2,2,[],"[2, 0, 5, 3, 1, 4, 6]"
"[60, 28, 61, 25, 44, 20, 47, 18, 52, 36, 125, 107, 4, 12, 95, 80, 124, 90, 116, 30, 104, 70, 66, 33, 117, 67, 53, 77, 73, 119, 59, 74, 120, 65, 91, 103, 56, 57, 29, 24, 114, 127, 17, 27, 19, 38, 102, 85, 40, 31, 3, 121, 108, 115, 97, 50, 99, 64, 8, 100, 14, 5, 83, 22, 122, 58, 35, 69, 75, 23, 0, 123, 62, 86, 46, 98, 45, 89, 63, 110, 26, 92, 72, 96, 111, 37, 15, 42, 79, 1, 84, 118, 16, 82, 41, 6, 54, 109, 13, 113, 71, 32, 106, 43, 112, 7, 10, 88, 34, 105, 94, 49, 2, 87, 51, 9, 55, 78, 48, 39, 21, 76, 101, 81, 11, 126, 93, 68]",56,2,2,[],"[3, 0, 5, 2, 1, 4, 6]"
"[54, 22, 62, 26, 38, 20, 47, 17, 52, 36, 126, 107, 4, 6, 95, 80, 118, 83, 116, 23, 98, 69, 65, 40, 124, 73, 60, 78, 74, 125, 59, 67, 114, 72, 91, 109, 50, 58, 30, 18, 113, 127, 24, 27, 25, 37, 101, 92, 34, 31, 9, 122, 102, 121, 104, 49, 105, 64, 2, 100, 7, 12, 89, 21, 115, 51, 41, 76, 75, 29, 0, 123, 55, 85, 39, 97, 46, 90, 63, 103, 19, 86, 66, 96, 111, 44, 15, 35, 79, 8, 84, 117, 16, 81, 42, 5, 53, 110, 14, 120, 77, 32, 99, 43, 112, 13, 3, 82, 33, 106, 87, 56, 1, 93, 57, 10, 61, 71, 48, 45, 28, 70, 108, 88, 11, 119, 94, 68]",56,2,2,[],"[0, 2, 5, 3, 1, 4, 6]"
"[39, 7, 47, 11, 38, 5, 62, 17, 37, 36, 111, 122, 4, 6, 95, 65, 103, 83, 101, 23, 98, 84, 80, 40, 109, 88, 45, 78, 74, 125, 59, 82, 99, 72, 91, 124, 35, 43, 15, 3, 113, 127, 9, 27, 25, 52, 116, 77, 34, 31, 24, 107, 102, 121, 104, 49, 120, 64, 2, 100, 22, 12, 89, 21, 115, 51, 56, 76, 90, 29, 0, 123, 55, 85, 54, 112, 46, 75, 63, 118, 19, 71, 66, 96, 126, 44, 30, 50, 94, 8, 69, 117, 1, 81, 42, 20, 53, 110, 14, 105, 92, 32, 114, 58, 97, 28, 18, 67, 48, 106, 87, 41, 16, 93, 57, 10, 61, 86, 33, 60, 13, 70, 108, 73, 26, 119, 79, 68]",56,2,2,[5],"[1, 2, 5, 3, 0, 4, 6]"
"[39, 7, 47, 11, 37, 6, 61, 18, 38, 36, 111, 121, 4, 5, 95, 66, 103, 83, 102, 23, 97, 84, 80, 40, 110, 88, 46, 77, 73, 126, 59, 81, 99, 72, 91, 124, 35, 43, 15, 3, 114, 127, 10, 27, 26, 52, 116, 78, 33, 31, 24, 107, 101, 122, 104, 50, 120, 64, 1, 100, 21, 12, 90, 22, 115, 51, 56, 76, 89, 30, 0, 123, 55, 86, 53, 112, 45, 75, 63, 117, 19, 71, 65, 96, 125, 44, 29, 49, 93, 8, 70, 118, 2, 82, 41, 20, 54, 109, 13, 106, 92, 32, 113, 57, 98, 28, 17, 67, 48, 105, 87, 42, 16, 94, 58, 9, 62, 85, 34, 60, 14, 69, 108, 74, 25, 119, 79, 68]",56,2,2,[],"[2, 1, 5, 3, 0, 4, 6]"
"[46, 14, 47, 11, 44, 6, 61, 18, 38, 36, 111, 121, 4, 12, 95, 66, 110, 90, 102, 30, 104, 84, 80, 33, 103, 81, 39, 77, 73, 119, 59, 88, 106, 65, 91, 117, 42, 43, 15, 10, 114, 127, 3, 27, 19, 52, 116, 71, 40, 31, 17, 107, 108, 115, 97, 50, 113, 64, 8, 100, 28, 5, 83, 22, 122, 58, 49, 69, 89, 23, 0, 123, 62, 86, 60, 112, 45, 75, 63, 124, 26, 78, 72, 96, 125, 37, 29, 56, 93, 1, 70, 118, 2, 82, 41, 20, 54, 109, 13, 99, 85, 32, 120, 57, 98, 21, 24, 74, 48, 105, 94, 35, 16, 87, 51, 9, 55, 92, 34, 53, 7, 76, 101, 67, 25, 126, 79, 68]",56,2,2,[99],"[3, 1, 5, 2, 0, 4, 6]"
"[60, 28, 62, 26, 44, 20, 47, 17, 52, 36, 126, 107, 4, 12, 95, 80, 124, 89, 116, 29, 104, 69, 65, 34, 118, 67, 54, 78, 74, 119, 59, 73, 120, 66, 91, 103, 56, 58, 30, 24, 113, 127, 18, 27, 19, 37, 101, 86, 40, 31, 3, 122, 108, 115, 98, 49, 99, 64, 8, 100, 13, 6, 83, 21, 121, 57, 35, 70, 75, 23, 0, 123, 61, 85, 45, 97, 46, 90, 63, 109, 25, 92, 72, 96, 111, 38, 15, 41, 79, 2, 84, 117, 16, 81, 42, 5, 53, 110, 14, 114, 71, 32, 105, 43, 112, 7, 9, 88, 33, 106, 93, 50, 1, 87, 51, 10, 55, 77, 48, 39, 22, 76, 102, 82, 11, 125, 94, 68]",56,2,2,[125],"[0, 3, 5, 2, 1, 4, 6]"
"[45, 13, 47, 11, 44, 5, 62, 17, 37, 36, 111, 122, 4, 12, 95, 65, 109, 89, 101, 29, 104, 84, 80, 34, 103, 82, 39, 78, 74, 119, 59, 88, 105, 66, 91, 118, 41, 43, 15, 9, 113, 127, 3, 27, 19, 52, 116, 71, 40, 31, 18, 107, 108, 115, 98, 49, 114, 64, 8, 100, 28, 6, 83, 21, 121, 57, 50, 70, 90, 23, 0, 123, 61, 85, 60, 112, 46, 75, 63, 124, 25, 77, 72, 96, 126, 38, 30, 56, 94, 2, 69, 117, 1, 81, 42, 20, 53, 110, 14, 99, 86, 32, 120, 58, 97, 22, 24, 73, 48, 106, 93, 35, 16, 87, 51, 10, 55, 92, 33, 54, 7, 76, 102, 67, 26, 125, 79, 68]",56,2,2,"[5, 99, 125]","[1, 3, 5, 2, 0, 4, 6]"
"[45, 13, 47, 11, 37, 12, 55, 24, 44, 36, 111, 115, 4, 5, 95, 72, 109, 89, 108, 29, 97, 84, 80, 34, 110, 82, 46, 71, 67, 126, 59, 81, 105, 66, 91, 118, 41, 43, 15, 9, 120, 127, 10, 27, 26, 52, 116, 78, 33, 31, 18, 107, 101, 122, 98, 56, 114, 64, 1, 100, 21, 6, 90, 28, 121, 57, 50, 70, 83, 30, 0, 123, 61, 92, 53, 112, 39, 75, 63, 117, 25, 77, 65, 96, 119, 38, 23, 49, 87, 2, 76, 124, 8, 88, 35, 20, 60, 103, 7, 106, 86, 32, 113, 51, 104, 22, 17, 73, 48, 99, 93, 42, 16, 94, 58, 3, 62, 85, 40, 54, 14, 69, 102, 74, 19, 125, 79, 68]",56,2,2,"[104, 125]","[2, 3, 5, 1, 0, 4, 6]"
"[46, 14, 47, 11, 38, 12, 55, 24, 44, 36, 111, 115, 4, 6, 95, 72, 110, 90, 108, 30, 98, 84, 80, 33, 109, 81, 45, 71, 67, 125, 59, 82, 106, 65, 91, 117, 42, 43, 15, 10, 120, 127, 9, 27, 25, 52, 116, 77, 34, 31, 17, 107, 102, 121, 97, 56, 113, 64, 2, 100, 22, 5, 89, 28, 122, 58, 49, 69, 83, 29, 0, 123, 62, 92, 54, 112, 39, 75, 63, 118, 26, 78, 66, 96, 119, 37, 23, 50, 87, 1, 76, 124, 8, 88, 35, 20, 60, 103, 7, 105, 85, 32, 114, 51, 104, 21, 18, 74, 48, 99, 94, 41, 16, 93, 57, 3, 61, 86, 40, 53, 13, 70, 101, 73, 19, 126, 79, 68]",56,2,2,[104],"[3, 2, 5, 1, 0, 4, 6]"
"[46, 14, 62, 26, 44, 6, 61, 3, 38, 36, 126, 121, 4, 12, 95, 66, 110, 75, 102, 15, 104, 69, 65, 48, 118, 81, 54, 92, 88, 119, 59, 73, 106, 80, 91, 117, 42, 58, 30, 10, 99, 127, 18, 27, 19, 37, 101, 86, 40, 31, 17, 122, 108, 115, 112, 35, 113, 64, 8, 100, 13, 20, 83, 7, 107, 43, 49, 84, 89, 23, 0, 123, 47, 71, 45, 97, 60, 90, 63, 109, 11, 78, 72, 96, 125, 52, 29, 41, 93, 16, 70, 103, 2, 67, 56, 5, 39, 124, 28, 114, 85, 32, 105, 57, 98, 21, 9, 74, 33, 120, 79, 50, 1, 87, 51, 24, 55, 77, 34, 53, 22, 76, 116, 82, 25, 111, 94, 68]",56,2,2,[],"[0, 1, 5, 2, 3, 4, 6]"
"[45, 13, 61, 25, 44, 5, 62, 3, 37, 36, 125, 122, 4, 12, 95, 65, 109, 75, 101, 15, 104, 70, 66, 48, 117, 82, 53, 92, 88, 119, 59, 74, 105, 80, 91, 118, 41, 57, 29, 9, 99, 127, 17, 27, 19, 38, 102, 85, 40, 31, 18, 121, 108, 115, 112, 35, 114, 64, 8, 100, 14, 20, 83, 7, 107, 43, 50, 84, 90, 23, 0, 123, 47, 71, 46, 98, 60, 89, 63, 110, 11, 77, 72, 96, 126, 52, 30, 42, 94, 16, 69, 103, 1, 67, 56, 6, 39, 124, 28, 113, 86, 32, 106, 58, 97, 22, 10, 73, 34, 120, 79, 49, 2, 87, 51, 24, 55, 78, 33, 54, 21, 76, 116, 81, 26, 111, 93, 68]",56,2,2,[5],"[1, 0, 5, 2, 3, 4, 6]"
"[45, 13, 61, 25, 37, 12, 55, 10, 44, 36, 125, 115, 4, 5, 95, 72, 109, 75, 108, 15, 97, 70, 66, 48, 124, 82, 60, 85, 81, 126, 59, 67, 105, 80, 91, 118, 41, 57, 29, 9, 106, 127, 24, 27, 26, 38, 102, 92, 33, 31, 18, 121, 101, 122, 112, 42, 114, 64, 1, 100, 7, 20, 90, 14, 107, 43, 50, 84, 83, 30, 0, 123, 47, 78, 39, 98, 53, 89, 63, 103, 11, 77, 65, 96, 119, 52, 23, 35, 87, 16, 76, 110, 8, 74, 49, 6, 46, 117, 21, 120, 86, 32, 99, 51, 104, 22, 3, 73, 34, 113, 79, 56, 2, 94, 58, 17, 62, 71, 40, 54, 28, 69, 116, 88, 19, 111, 93, 68]",56,2,2,[104],"[2, 0, 5, 1, 3, 4, 6]"
"[60, 28, 61, 25, 52, 12, 55, 10, 44, 36, 125, 115, 4, 20, 95, 72, 124, 90, 108, 30, 112, 70, 66, 33, 109, 67, 45, 85, 81, 111, 59, 82, 120, 65, 91, 103, 56, 57, 29, 24, 106, 127, 9, 27, 11, 38, 102, 77, 48, 31, 3, 121, 116, 107, 97, 42, 99, 64, 16, 100, 22, 5, 75, 14, 122, 58, 35, 69, 83, 15, 0, 123, 62, 78, 54, 98, 53, 89, 63, 118, 26, 92, 80, 96, 119, 37, 23, 50, 87, 1, 76, 110, 8, 74, 49, 6, 46, 117, 21, 105, 71, 32, 114, 51, 104, 7, 18, 88, 34, 113, 94, 41, 2, 79, 43, 17, 47, 86, 40, 39, 13, 84, 101, 73, 19, 126, 93, 68]",56,2,2,"[48, 104]","[3, 0, 5, 1, 2, 4, 6]"
"[54, 52, 62, 56, 22, 36, 31, 33, 38, 6, 126, 91, 4, 20, 125, 96, 118, 113, 102, 53, 82, 69, 65, 10, 110, 73, 46, 92, 88, 111, 59, 81, 114, 72, 121, 79, 50, 58, 60, 48, 99, 127, 40, 57, 41, 7, 71, 108, 18, 61, 9, 122, 86, 107, 74, 35, 75, 64, 16, 70, 21, 12, 105, 37, 115, 51, 11, 76, 89, 45, 0, 123, 55, 101, 23, 67, 30, 120, 63, 87, 49, 116, 80, 66, 95, 14, 29, 19, 93, 8, 100, 103, 32, 97, 26, 5, 39, 94, 28, 106, 77, 2, 83, 27, 98, 13, 17, 112, 3, 90, 117, 42, 1, 109, 43, 24, 47, 85, 34, 15, 44, 84, 78, 104, 25, 119, 124, 68]",56,2,2,[],"[0, 4, 5, 3, 2, 1, 6]"
"[23, 21, 31, 25, 22, 5, 62, 33, 7, 6, 95, 122, 4, 20, 125, 65, 87, 113, 71, 53, 82, 100, 96, 10, 79, 104, 15, 92, 88, 111, 59, 112, 83, 72, 121, 110, 19, 27, 29, 17, 99, 127, 9, 57, 41, 38, 102, 77, 18, 61, 40, 91, 86, 107, 74, 35, 106, 64, 16, 70, 52, 12, 105, 37, 115, 51, 42, 76, 120, 45, 0, 123, 55, 101, 54, 98, 30, 89, 63, 118, 49, 85, 80, 66, 126, 14, 60, 50, 124, 8, 69, 103, 1, 97, 26, 36, 39, 94, 28, 75, 108, 2, 114, 58, 67, 44, 48, 81, 34, 90, 117, 11, 32, 109, 43, 24, 47, 116, 3, 46, 13, 84, 78, 73, 56, 119, 93, 68]",56,2,2,[5],"[1, 4, 5, 3, 2, 0, 6]"
"[23, 21, 31, 25, 7, 20, 47, 48, 22, 6, 95, 107, 4, 5, 125, 80, 87, 113, 86, 53, 67, 100, 96, 10, 94, 104, 30, 77, 73, 126, 59, 97, 83, 72, 121, 110, 19, 27, 29, 17, 114, 127, 24, 57, 56, 38, 102, 92, 3, 61, 40, 91, 71, 122, 74, 50, 106, 64, 1, 70, 37, 12, 120, 52, 115, 51, 42, 76, 105, 60, 0, 123, 55, 116, 39, 98, 15, 89, 63, 103, 49, 85, 65, 66, 111, 14, 45, 35, 109, 8, 84, 118, 16, 112, 11, 36, 54, 79, 13, 90, 108, 2, 99, 43, 82, 44, 33, 81, 34, 75, 117, 26, 32, 124, 58, 9, 62, 101, 18, 46, 28, 69, 78, 88, 41, 119, 93, 68]",56,2,2,[],"[2, 4, 5, 3, 1, 0, 6]"
"[30, 28, 31, 25, 14, 20, 47, 48, 22, 6, 95, 107, 4, 12, 125, 80, 94, 120, 86, 60, 74, 100, 96, 3, 87, 97, 23, 77, 73, 119, 59, 104, 90, 65, 121, 103, 26, 27, 29, 24, 114, 127, 17, 57, 49, 38, 102, 85, 10, 61, 33, 91, 78, 115, 67, 50, 99, 64, 8, 70, 44, 5, 113, 52, 122, 58, 35, 69, 105, 53, 0, 123, 62, 116, 46, 98, 15, 89, 63, 110, 56, 92, 72, 66, 111, 7, 45, 42, 109, 1, 84, 118, 16, 112, 11, 36, 54, 79, 13, 83, 101, 2, 106, 43, 82, 37, 40, 88, 34, 75, 124, 19, 32, 117, 51, 9, 55, 108, 18, 39, 21, 76, 71, 81, 41, 126, 93, 68]",56,2,2,[],"[3, 4, 5, 2, 1, 0, 6]"
"[54, 52, 62, 56, 38, 20, 47, 17, 22, 6, 126, 107, 4, 36, 125, 80, 118, 113, 86, 53, 98, 69, 65, 10, 94, 73, 30, 108, 104, 95, 59, 97, 114, 72, 121, 79, 50, 58, 60, 48, 83, 127, 24, 57, 25, 7, 71, 92, 34, 61, 9, 122, 102, 91, 74, 19, 75, 64, 32, 70, 37, 12, 89, 21, 115, 51, 11, 76, 105, 29, 0, 123, 55, 85, 39, 67, 46, 120, 63, 103, 49, 116, 96, 66, 111, 14, 45, 35, 109, 8, 84, 87, 16, 81, 42, 5, 23, 110, 44, 90, 77, 2, 99, 43, 82, 13, 33, 112, 3, 106, 117, 26, 1, 93, 27, 40, 31, 101, 18, 15, 28, 100, 78, 88, 41, 119, 124, 68]",56,2,2,[],"[0, 4, 5, 3, 1, 2, 6]"
"[39, 37, 47, 41, 38, 5, 62, 17, 7, 6, 111, 122, 4, 36, 125, 65, 103, 113, 71, 53, 98, 84, 80, 10, 79, 88, 15, 108, 104, 95, 59, 112, 99, 72, 121, 94, 35, 43, 45, 33, 83, 127, 9, 57, 25, 22, 86, 77, 34, 61, 24, 107, 102, 91, 74, 19, 90, 64, 32, 70, 52, 12, 89, 21, 115, 51, 26, 76, 120, 29, 0, 123, 55, 85, 54, 82, 46, 105, 63, 118, 49, 101, 96, 66, 126, 14, 60, 50, 124, 8, 69, 87, 1, 81, 42, 20, 23, 110, 44, 75, 92, 2, 114, 58, 67, 28, 48, 97, 18, 106, 117, 11, 16, 93, 27, 40, 31, 116, 3, 30, 13, 100, 78, 73, 56, 119, 109, 68]",56,2,2,[5],"[1, 4, 5, 3, 0, 2, 6]"
"[39, 37, 47, 41, 7, 36, 31, 48, 38, 6, 111, 91, 4, 5, 125, 96, 103, 113, 102, 53, 67, 84, 80, 10, 110, 88, 46, 77, 73, 126, 59, 81, 99, 72, 121, 94, 35, 43, 45, 33, 114, 127, 40, 57, 56, 22, 86, 108, 3, 61, 24, 107, 71, 122, 74, 50, 90, 64, 1, 70, 21, 12, 120, 52, 115, 51, 26, 76, 89, 60, 0, 123, 55, 116, 23, 82, 15, 105, 63, 87, 49, 101, 65, 66, 95, 14, 29, 19, 93, 8, 100, 118, 32, 112, 11, 20, 54, 79, 13, 106, 92, 2, 83, 27, 98, 28, 17, 97, 18, 75, 117, 42, 16, 124, 58, 9, 62, 85, 34, 30, 44, 69, 78, 104, 25, 119, 109, 68]",56,2,2,[],"[2, 4, 5, 3, 0, 1, 6]"
"[46, 44, 47, 41, 14, 36, 31, 48, 38, 6, 111, 91, 4, 12, 125, 96, 110, 120, 102, 60, 74, 84, 80, 3, 103, 81, 39, 77, 73, 119, 59, 88, 106, 65, 121, 87, 42, 43, 45, 40, 114, 127, 33, 57, 49, 22, 86, 101, 10, 61, 17, 107, 78, 115, 67, 50, 83, 64, 8, 70, 28, 5, 113, 52, 122, 58, 19, 69, 89, 53, 0, 123, 62, 116, 30, 82, 15, 105, 63, 94, 56, 108, 72, 66, 95, 7, 29, 26, 93, 1, 100, 118, 32, 112, 11, 20, 54, 79, 13, 99, 85, 2, 90, 27, 98, 21, 24, 104, 18, 75, 124, 35, 16, 117, 51, 9, 55, 92, 34, 23, 37, 76, 71, 97, 25, 126, 109, 68]",56,2,2,[99],"[3, 4, 5, 2, 0, 1, 6]"
"[30, 28, 62, 56, 14, 20, 47, 17, 22, 6, 126, 107, 4, 12, 125, 80, 94, 89, 86, 29, 74, 69, 65, 34, 118, 97, 54, 108, 104, 119, 59, 73, 90, 96, 121, 103, 26, 58, 60, 24, 83, 127, 48, 57, 49, 7, 71, 116, 10, 61, 33, 122, 78, 115, 98, 19, 99, 64, 8, 70, 13, 36, 113, 21, 91, 27, 35, 100, 105, 53, 0, 123, 31, 85, 15, 67, 46, 120, 63, 79, 25, 92, 72, 66, 111, 38, 45, 11, 109, 32, 84, 87, 16, 81, 42, 5, 23, 110, 44, 114, 101, 2, 75, 43, 82, 37, 9, 88, 3, 106, 93, 50, 1, 117, 51, 40, 55, 77, 18, 39, 52, 76, 102, 112, 41, 95, 124, 68]",56,2,2,[79],"[0, 4, 5, 2, 1, 3, 6]"
"[15, 13, 47, 41, 14, 5, 62, 17, 7, 6, 111, 122, 4, 12, 125, 65, 79, 89, 71, 29, 74, 84, 80, 34, 103, 112, 39, 108, 104, 119, 59, 88, 75, 96, 121, 118, 11, 43, 45, 9, 83, 127, 33, 57, 49, 22, 86, 101, 10, 61, 48, 107, 78, 115, 98, 19, 114, 64, 8, 70, 28, 36, 113, 21, 91, 27, 50, 100, 120, 53, 0, 123, 31, 85, 30, 82, 46, 105, 63, 94, 25, 77, 72, 66, 126, 38, 60, 26, 124, 32, 69, 87, 1, 81, 42, 20, 23, 110, 44, 99, 116, 2, 90, 58, 67, 52, 24, 73, 18, 106, 93, 35, 16, 117, 51, 40, 55, 92, 3, 54, 37, 76, 102, 97, 56, 95, 109, 68]",56,2,2,"[5, 99]","[1, 4, 5, 2, 0, 3, 6]"
"[15, 13, 47, 41, 7, 12, 55, 24, 14, 6, 111, 115, 4, 5, 125, 72, 79, 89, 78, 29, 67, 84, 80, 34, 110, 112, 46, 101, 97, 126, 59, 81, 75, 96, 121, 118, 11, 43, 45, 9, 90, 127, 40, 57, 56, 22, 86, 108, 3, 61, 48, 107, 71, 122, 98, 26, 114, 64, 1, 70, 21, 36, 120, 28, 91, 27, 50, 100, 113, 60, 0, 123, 31, 92, 23, 82, 39, 105, 63, 87, 25, 77, 65, 66, 119, 38, 53, 19, 117, 32, 76, 94, 8, 88, 35, 20, 30, 103, 37, 106, 116, 2, 83, 51, 74, 52, 17, 73, 18, 99, 93, 42, 16, 124, 58, 33, 62, 85, 10, 54, 44, 69, 102, 104, 49, 95, 109, 68]",56,2,2,[],"[2, 4, 5, 1, 0, 3, 6]"
"[46, 44, 47, 41, 38, 12, 55, 24, 14, 6, 111, 115, 4, 36, 125, 72, 110, 120, 78, 60, 98, 84, 80, 3, 79, 81, 15, 101, 97, 95, 59, 112, 106, 65, 121, 87, 42, 43, 45, 40, 90, 127, 9, 57, 25, 22, 86, 77, 34, 61, 17, 107, 102, 91, 67, 26, 83, 64, 32, 70, 52, 5, 89, 28, 122, 58, 19, 69, 113, 29, 0, 123, 62, 92, 54, 82, 39, 105, 63, 118, 56, 108, 96, 66, 119, 7, 53, 50, 117, 1, 76, 94, 8, 88, 35, 20, 30, 103, 37, 75, 85, 2, 114, 51, 74, 21, 48, 104, 18, 99, 124, 11, 16, 93, 27, 33, 31, 116, 10, 23, 13, 100, 71, 73, 49, 126, 109, 68]",56,2,2,[],"[3, 4, 5, 1, 0, 2, 6]"
"[46, 44, 62, 56, 14, 36, 31, 33, 38, 6, 126, 91, 4, 12, 125, 96, 110, 105, 102, 45, 74, 69, 65, 18, 118, 81, 54, 92, 88, 119, 59, 73, 106, 80, 121, 87, 42, 58, 60, 40, 99, 127, 48, 57, 49, 7, 71, 116, 10, 61, 17, 122, 78, 115, 82, 35, 83, 64, 8, 70, 13, 20, 113, 37, 107, 43, 19, 84, 89, 53, 0, 123, 47, 101, 15, 67, 30, 120, 63, 79, 41, 108, 72, 66, 95, 22, 29, 11, 93, 16, 100, 103, 32, 97, 26, 5, 39, 94, 28, 114, 85, 2, 75, 27, 98, 21, 9, 104, 3, 90, 109, 50, 1, 117, 51, 24, 55, 77, 34, 23, 52, 76, 86, 112, 25, 111, 124, 68]",56,2,2,[79],"[0, 4, 5, 2, 3, 1, 6]"
"[15, 13, 31, 25, 14, 5, 62, 33, 7, 6, 95, 122, 4, 12, 125, 65, 79, 105, 71, 45, 74, 100, 96, 18, 87, 112, 23, 92, 88, 119, 59, 104, 75, 80, 121, 118, 11, 27, 29, 9, 99, 127, 17, 57, 49, 38, 102, 85, 10, 61, 48, 91, 78, 115, 82, 35, 114, 64, 8, 70, 44, 20, 113, 37, 107, 43, 50, 84, 120, 53, 0, 123, 47, 101, 46, 98, 30, 89, 63, 110, 41, 77, 72, 66, 126, 22, 60, 42, 124, 16, 69, 103, 1, 97, 26, 36, 39, 94, 28, 83, 116, 2, 106, 58, 67, 52, 40, 73, 34, 90, 109, 19, 32, 117, 51, 24, 55, 108, 3, 54, 21, 76, 86, 81, 56, 111, 93, 68]",56,2,2,[5],"[1, 4, 5, 2, 3, 0, 6]"
"[15, 13, 31, 25, 7, 12, 55, 40, 14, 6, 95, 115, 4, 5, 125, 72, 79, 105, 78, 45, 67, 100, 96, 18, 94, 112, 30, 85, 81, 126, 59, 97, 75, 80, 121, 118, 11, 27, 29, 9, 106, 127, 24, 57, 56, 38, 102, 92, 3, 61, 48, 91, 71, 122, 82, 42, 114, 64, 1, 70, 37, 20, 120, 44, 107, 43, 50, 84, 113, 60, 0, 123, 47, 108, 39, 98, 23, 89, 63, 103, 41, 77, 65, 66, 119, 22, 53, 35, 117, 16, 76, 110, 8, 104, 19, 36, 46, 87, 21, 90, 116, 2, 99, 51, 74, 52, 33, 73, 34, 83, 109, 26, 32, 124, 58, 17, 62, 101, 10, 54, 28, 69, 86, 88, 49, 111, 93, 68]",56,2,2,[],"[2, 4, 5, 1, 3, 0, 6]"
"[30, 28, 31, 25, 22, 12, 55, 40, 14, 6, 95, 115, 4, 20, 125, 72, 94, 120, 78, 60, 82, 100, 96, 3, 79, 97, 15, 85, 81, 111, 59, 112, 90, 65, 121, 103, 26, 27, 29, 24, 106, 127, 9, 57, 41, 38, 102, 77, 18, 61, 33, 91, 86, 107, 67, 42, 99, 64, 16, 70, 52, 5, 105, 44, 122, 58, 35, 69, 113, 45, 0, 123, 62, 108, 54, 98, 23, 89, 63, 118, 56, 92, 80, 66, 119, 7, 53, 50, 117, 1, 76, 110, 8, 104, 19, 36, 46, 87, 21, 75, 101, 2, 114, 51, 74, 37, 48, 88, 34, 83, 124, 11, 32, 109, 43, 17, 47, 116, 10, 39, 13, 84, 71, 73, 49, 126, 93, 68]",56,2,2,[],"[3, 4, 5, 1, 2, 0, 6]"
"[46, 38, 62, 22, 44, 34, 61, 3, 42, 40, 126, 93, 32, 36, 119, 66, 110, 71, 106, 39, 76, 97, 65, 24, 122, 81, 58, 116, 84, 123, 31, 69, 78, 80, 87, 121, 14, 30, 54, 6, 75, 127, 18, 23, 19, 41, 105, 114, 12, 55, 17, 94, 108, 91, 88, 11, 89, 64, 4, 104, 37, 48, 83, 35, 79, 15, 25, 112, 85, 51, 0, 95, 47, 99, 45, 73, 60, 86, 63, 109, 7, 102, 68, 72, 125, 56, 53, 13, 117, 16, 98, 107, 2, 67, 28, 33, 43, 124, 52, 90, 113, 8, 77, 29, 74, 49, 5, 70, 9, 92, 103, 26, 1, 115, 27, 20, 59, 101, 10, 57, 50, 100, 120, 82, 21, 111, 118, 96]",56,2,2,[],"[0, 1, 2, 4, 3, 5, 6]"
"[45, 37, 61, 21, 44, 33, 62, 3, 41, 40, 125, 94, 32, 36, 119, 65, 109, 71, 105, 39, 76, 98, 66, 24, 121, 82, 57, 116, 84, 123, 31, 70, 77, 80, 87, 122, 13, 29, 53, 5, 75, 127, 17, 23, 19, 42, 106, 113, 12, 55, 18, 93, 108, 91, 88, 11, 90, 64, 4, 104, 38, 48, 83, 35, 79, 15, 26, 112, 86, 51, 0, 95, 47, 99, 46, 74, 60, 85, 63, 110, 7, 101, 68, 72, 126, 56, 54, 14, 118, 16, 97, 107, 1, 67, 28, 34, 43, 124, 52, 89, 114, 8, 78, 30, 73, 50, 6, 69, 10, 92, 103, 25, 2, 115, 27, 20, 59, 102, 9, 58, 49, 100, 120, 81, 22, 111, 117, 96]",56,2,2,[],"[1, 0, 2, 4, 3, 5, 6]"
"[45, 37, 61, 21, 41, 36, 59, 6, 44, 40, 125, 91, 32, 33, 119, 68, 109, 71, 108, 39, 73, 98, 66, 24, 124, 82, 60, 113, 81, 126, 31, 67, 77, 80, 87, 122, 13, 29, 53, 5, 78, 127, 20, 23, 22, 42, 106, 116, 9, 55, 18, 93, 105, 94, 88, 14, 90, 64, 1, 104, 35, 48, 86, 38, 79, 15, 26, 112, 83, 54, 0, 95, 47, 102, 43, 74, 57, 85, 63, 107, 7, 101, 65, 72, 123, 56, 51, 11, 115, 16, 100, 110, 4, 70, 25, 34, 46, 121, 49, 92, 114, 8, 75, 27, 76, 50, 3, 69, 10, 89, 103, 28, 2, 118, 30, 17, 62, 99, 12, 58, 52, 97, 120, 84, 19, 111, 117, 96]",56,2,2,[],"[2, 0, 1, 4, 3, 5, 6]"
"[60, 52, 61, 21, 56, 36, 59, 6, 44, 40, 125, 91, 32, 48, 119, 68, 124, 86, 108, 54, 88, 98, 66, 9, 109, 67, 45, 113, 81, 111, 31, 82, 92, 65, 87, 107, 28, 29, 53, 20, 78, 127, 5, 23, 7, 42, 106, 101, 24, 55, 3, 93, 120, 79, 73, 14, 75, 64, 16, 104, 50, 33, 71, 38, 94, 30, 11, 97, 83, 39, 0, 95, 62, 102, 58, 74, 57, 85, 63, 122, 22, 116, 80, 72, 123, 41, 51, 26, 115, 1, 100, 110, 4, 70, 25, 34, 46, 121, 49, 77, 99, 8, 90, 27, 76, 35, 18, 84, 10, 89, 118, 13, 2, 103, 15, 17, 47, 114, 12, 43, 37, 112, 105, 69, 19, 126, 117, 96]",56,2,2,[],"[3, 0, 1, 4, 2, 5, 6]"
"[46, 38, 62, 22, 42, 36, 59, 5, 44, 40, 126, 91, 32, 34, 119, 68, 110, 71, 108, 39, 74, 97, 65, 24, 124, 81, 60, 114, 82, 125, 31, 67, 78, 80, 87, 121, 14, 30, 54, 6, 77, 127, 20, 23, 21, 41, 105, 116, 10, 55, 17, 94, 106, 93, 88, 13, 89, 64, 2, 104, 35, 48, 85, 37, 79, 15, 25, 112, 83, 53, 0, 95, 47, 101, 43, 73, 58, 86, 63, 107, 7, 102, 66, 72, 123, 56, 51, 11, 115, 16, 100, 109, 4, 69, 26, 33, 45, 122, 50, 92, 113, 8, 75, 27, 76, 49, 3, 70, 9, 90, 103, 28, 1, 117, 29, 18, 61, 99, 12, 57, 52, 98, 120, 84, 19, 111, 118, 96]",56,2,2,[],"[0, 2, 1, 4, 3, 5, 6]"
"[43, 35, 59, 19, 42, 33, 62, 5, 41, 40, 123, 94, 32, 34, 119, 65, 107, 71, 105, 39, 74, 100, 68, 24, 121, 84, 57, 114, 82, 125, 31, 70, 75, 80, 87, 124, 11, 27, 51, 3, 77, 127, 17, 23, 21, 44, 108, 113, 10, 55, 20, 91, 106, 93, 88, 13, 92, 64, 2, 104, 38, 48, 85, 37, 79, 15, 28, 112, 86, 53, 0, 95, 47, 101, 46, 76, 58, 83, 63, 110, 7, 99, 66, 72, 126, 56, 54, 14, 118, 16, 97, 109, 1, 69, 26, 36, 45, 122, 50, 89, 116, 8, 78, 30, 73, 52, 6, 67, 12, 90, 103, 25, 4, 117, 29, 18, 61, 102, 9, 60, 49, 98, 120, 81, 22, 111, 115, 96]",56,2,2,[],"[1, 2, 0, 4, 3, 5, 6]"
"[43, 35, 59, 19, 41, 34, 61, 6, 42, 40, 123, 93, 32, 33, 119, 66, 107, 71, 106, 39, 73, 100, 68, 24, 122, 84, 58, 113, 81, 126, 31, 69, 75, 80, 87, 124, 11, 27, 51, 3, 78, 127, 18, 23, 22, 44, 108, 114, 9, 55, 20, 91, 105, 94, 88, 14, 92, 64, 1, 104, 37, 48, 86, 38, 79, 15, 28, 112, 85, 54, 0, 95, 47, 102, 45, 76, 57, 83, 63, 109, 7, 99, 65, 72, 125, 56, 53, 13, 117, 16, 98, 110, 2, 70, 25, 36, 46, 121, 49, 90, 116, 8, 77, 29, 74, 52, 5, 67, 12, 89, 103, 26, 4, 118, 30, 17, 62, 101, 10, 60, 50, 97, 120, 82, 21, 111, 115, 96]",56,2,2,[],"[2, 1, 0, 4, 3, 5, 6]"
"[58, 50, 59, 19, 56, 34, 61, 6, 42, 40, 123, 93, 32, 48, 119, 66, 122, 86, 106, 54, 88, 100, 68, 9, 107, 69, 43, 113, 81, 111, 31, 84, 90, 65, 87, 109, 26, 27, 51, 18, 78, 127, 3, 23, 7, 44, 108, 99, 24, 55, 5, 91, 120, 79, 73, 14, 77, 64, 16, 104, 52, 33, 71, 38, 94, 30, 13, 97, 85, 39, 0, 95, 62, 102, 60, 76, 57, 83, 63, 124, 22, 114, 80, 72, 125, 41, 53, 28, 117, 1, 98, 110, 2, 70, 25, 36, 46, 121, 49, 75, 101, 8, 92, 29, 74, 37, 20, 82, 12, 89, 118, 11, 4, 103, 15, 17, 47, 116, 10, 45, 35, 112, 105, 67, 21, 126, 115, 96]",56,2,2,[],"[3, 1, 0, 4, 2, 5, 6]"
"[60, 52, 62, 22, 56, 36, 59, 5, 44, 40, 126, 91, 32, 48, 119, 68, 124, 85, 108, 53, 88, 97, 65, 10, 110, 67, 46, 114, 82, 111, 31, 81, 92, 66, 87, 107, 28, 30, 54, 20, 77, 127, 6, 23, 7, 41, 105, 102, 24, 55, 3, 94, 120, 79, 74, 13, 75, 64, 16, 104, 49, 34, 71, 37, 93, 29, 11, 98, 83, 39, 0, 95, 61, 101, 57, 73, 58, 86, 63, 121, 21, 116, 80, 72, 123, 42, 51, 25, 115, 2, 100, 109, 4, 69, 26, 33, 45, 122, 50, 78, 99, 8, 89, 27, 76, 35, 17, 84, 9, 90, 117, 14, 1, 103, 15, 18, 47, 113, 12, 43, 38, 112, 106, 70, 19, 125, 118, 96]",56,2,2,[125],"[0, 3, 1, 4, 2, 5, 6]"
"[57, 49, 59, 19, 56, 33, 62, 5, 41, 40, 123, 94, 32, 48, 119, 65, 121, 85, 105, 53, 88, 100, 68, 10, 107, 70, 43, 114, 82, 111, 31, 84, 89, 66, 87, 110, 25, 27, 51, 17, 77, 127, 3, 23, 7, 44, 108, 99, 24, 55, 6, 91, 120, 79, 74, 13, 78, 64, 16, 104, 52, 34, 71, 37, 93, 29, 14, 98, 86, 39, 0, 95, 61, 101, 60, 76, 58, 83, 63, 124, 21, 113, 80, 72, 126, 42, 54, 28, 118, 2, 97, 109, 1, 69, 26, 36, 45, 122, 50, 75, 102, 8, 92, 30, 73, 38, 20, 81, 12, 90, 117, 11, 4, 103, 15, 18, 47, 116, 9, 46, 35, 112, 106, 67, 22, 125, 115, 96]",56,2,2,[125],"[1, 3, 0, 4, 2, 5, 6]"
"[57, 49, 59, 19, 41, 48, 47, 20, 56, 40, 123, 79, 32, 33, 119, 80, 121, 85, 120, 53, 73, 100, 68, 10, 122, 70, 58, 99, 67, 126, 31, 69, 89, 66, 87, 110, 25, 27, 51, 17, 92, 127, 18, 23, 22, 44, 108, 114, 9, 55, 6, 91, 105, 94, 74, 28, 78, 64, 1, 104, 37, 34, 86, 52, 93, 29, 14, 98, 71, 54, 0, 95, 61, 116, 45, 76, 43, 83, 63, 109, 21, 113, 65, 72, 111, 42, 39, 13, 103, 2, 112, 124, 16, 84, 11, 36, 60, 107, 35, 90, 102, 8, 77, 15, 88, 38, 5, 81, 12, 75, 117, 26, 4, 118, 30, 3, 62, 101, 24, 46, 50, 97, 106, 82, 7, 125, 115, 96]",56,2,2,[125],"[2, 3, 0, 4, 1, 5, 6]"
"[58, 50, 59, 19, 42, 48, 47, 20, 56, 40, 123, 79, 32, 34, 119, 80, 122, 86, 120, 54, 74, 100, 68, 9, 121, 69, 57, 99, 67, 125, 31, 70, 90, 65, 87, 109, 26, 27, 51, 18, 92, 127, 17, 23, 21, 44, 108, 113, 10, 55, 5, 91, 106, 93, 73, 28, 77, 64, 2, 104, 38, 33, 85, 52, 94, 30, 13, 97, 71, 53, 0, 95, 62, 116, 46, 76, 43, 83, 63, 110, 22, 114, 66, 72, 111, 41, 39, 14, 103, 1, 112, 124, 16, 84, 11, 36, 60, 107, 35, 89, 101, 8, 78, 15, 88, 37, 6, 82, 12, 75, 118, 25, 4, 117, 29, 3, 61, 102, 24, 45, 49, 98, 105, 81, 7, 126, 115, 96]",56,2,2,[],"[3, 2, 0, 4, 1, 5, 6]"
"[58, 50, 62, 22, 56, 34, 61, 3, 42, 40, 126, 93, 32, 48, 119, 66, 122, 83, 106, 51, 88, 97, 65, 12, 110, 69, 46, 116, 84, 111, 31, 81, 90, 68, 87, 109, 26, 30, 54, 18, 75, 127, 6, 23, 7, 41, 105, 102, 24, 55, 5, 94, 120, 79, 76, 11, 77, 64, 16, 104, 49, 36, 71, 35, 91, 27, 13, 100, 85, 39, 0, 95, 59, 99, 57, 73, 60, 86, 63, 121, 19, 114, 80, 72, 125, 44, 53, 25, 117, 4, 98, 107, 2, 67, 28, 33, 43, 124, 52, 78, 101, 8, 89, 29, 74, 37, 17, 82, 9, 92, 115, 14, 1, 103, 15, 20, 47, 113, 10, 45, 38, 112, 108, 70, 21, 123, 118, 96]",56,2,2,[],"[0, 1, 3, 4, 2, 5, 6]"
"[57, 49, 61, 21, 56, 33, 62, 3, 41, 40, 125, 94, 32, 48, 119, 65, 121, 83, 105, 51, 88, 98, 66, 12, 109, 70, 45, 116, 84, 111, 31, 82, 89, 68, 87, 110, 25, 29, 53, 17, 75, 127, 5, 23, 7, 42, 106, 101, 24, 55, 6, 93, 120, 79, 76, 11, 78, 64, 16, 104, 50, 36, 71, 35, 91, 27, 14, 100, 86, 39, 0, 95, 59, 99, 58, 74, 60, 85, 63, 122, 19, 113, 80, 72, 126, 44, 54, 26, 118, 4, 97, 107, 1, 67, 28, 34, 43, 124, 52, 77, 102, 8, 90, 30, 73, 38, 18, 81, 10, 92, 115, 13, 2, 103, 15, 20, 47, 114, 9, 46, 37, 112, 108, 69, 22, 123, 117, 96]",56,2,2,[],"[1, 0, 3, 4, 2, 5, 6]"
"[57, 49, 61, 21, 41, 48, 47, 18, 56, 40, 125, 79, 32, 33, 119, 80, 121, 83, 120, 51, 73, 98, 66, 12, 124, 70, 60, 101, 69, 126, 31, 67, 89, 68, 87, 110, 25, 29, 53, 17, 90, 127, 20, 23, 22, 42, 106, 116, 9, 55, 6, 93, 105, 94, 76, 26, 78, 64, 1, 104, 35, 36, 86, 50, 91, 27, 14, 100, 71, 54, 0, 95, 59, 114, 43, 74, 45, 85, 63, 107, 19, 113, 65, 72, 111, 44, 39, 11, 103, 4, 112, 122, 16, 82, 13, 34, 58, 109, 37, 92, 102, 8, 75, 15, 88, 38, 3, 81, 10, 77, 115, 28, 2, 118, 30, 5, 62, 99, 24, 46, 52, 97, 108, 84, 7, 123, 117, 96]",56,2,2,[],"[2, 0, 3, 4, 1, 5, 6]"
"[60, 52, 61, 21, 44, 48, 47, 18, 56, 40, 125, 79, 32, 36, 119, 80, 124, 86, 120, 54, 76, 98, 66, 9, 121, 67, 57, 101, 69, 123, 31, 70, 92, 65, 87, 107, 28, 29, 53, 20, 90, 127, 17, 23, 19, 42, 106, 113, 12, 55, 3, 93, 108, 91, 73, 26, 75, 64, 4, 104, 38, 33, 83, 50, 94, 30, 11, 97, 71, 51, 0, 95, 62, 114, 46, 74, 45, 85, 63, 110, 22, 116, 68, 72, 111, 41, 39, 14, 103, 1, 112, 122, 16, 82, 13, 34, 58, 109, 37, 89, 99, 8, 78, 15, 88, 35, 6, 84, 10, 77, 118, 25, 2, 115, 27, 5, 59, 102, 24, 43, 49, 100, 105, 81, 7, 126, 117, 96]",56,2,2,[],"[3, 0, 2, 4, 1, 5, 6]"
"[46, 38, 62, 52, 14, 34, 31, 33, 42, 10, 126, 93, 2, 6, 119, 96, 110, 101, 106, 39, 76, 67, 65, 24, 122, 81, 58, 86, 84, 123, 61, 69, 108, 80, 117, 91, 44, 60, 54, 36, 105, 127, 48, 53, 49, 11, 75, 114, 12, 55, 17, 124, 78, 121, 88, 41, 89, 64, 4, 74, 7, 18, 113, 35, 109, 45, 25, 82, 85, 51, 0, 125, 47, 99, 15, 73, 30, 116, 63, 79, 37, 102, 68, 72, 95, 26, 23, 13, 87, 16, 98, 107, 32, 97, 28, 3, 43, 94, 22, 120, 83, 8, 77, 29, 104, 19, 5, 100, 9, 92, 103, 56, 1, 115, 57, 20, 59, 71, 40, 27, 50, 70, 90, 112, 21, 111, 118, 66]",56,2,2,"[79, 104]","[0, 5, 2, 4, 3, 1, 6]"
"[15, 7, 31, 21, 14, 3, 62, 33, 11, 10, 95, 124, 2, 6, 119, 65, 79, 101, 75, 39, 76, 98, 96, 24, 91, 112, 27, 86, 84, 123, 61, 100, 77, 80, 117, 122, 13, 29, 23, 5, 105, 127, 17, 53, 49, 42, 106, 83, 12, 55, 48, 93, 78, 121, 88, 41, 120, 64, 4, 74, 38, 18, 113, 35, 109, 45, 56, 82, 116, 51, 0, 125, 47, 99, 46, 104, 30, 85, 63, 110, 37, 71, 68, 72, 126, 26, 54, 44, 118, 16, 67, 107, 1, 97, 28, 34, 43, 94, 22, 89, 114, 8, 108, 60, 73, 50, 36, 69, 40, 92, 103, 25, 32, 115, 57, 20, 59, 102, 9, 58, 19, 70, 90, 81, 52, 111, 87, 66]",56,2,2,[],"[1, 5, 2, 4, 3, 0, 6]"
"[15, 7, 31, 21, 11, 6, 59, 36, 14, 10, 95, 121, 2, 3, 119, 68, 79, 101, 78, 39, 73, 98, 96, 24, 94, 112, 30, 83, 81, 126, 61, 97, 77, 80, 117, 122, 13, 29, 23, 5, 108, 127, 20, 53, 52, 42, 106, 86, 9, 55, 48, 93, 75, 124, 88, 44, 120, 64, 1, 74, 35, 18, 116, 38, 109, 45, 56, 82, 113, 54, 0, 125, 47, 102, 43, 104, 27, 85, 63, 107, 37, 71, 65, 72, 123, 26, 51, 41, 115, 16, 70, 110, 4, 100, 25, 34, 46, 91, 19, 92, 114, 8, 105, 57, 76, 50, 33, 69, 40, 89, 103, 28, 32, 118, 60, 17, 62, 99, 12, 58, 22, 67, 90, 84, 49, 111, 87, 66]",56,2,2,[],"[2, 5, 1, 4, 3, 0, 6]"
"[30, 22, 31, 21, 26, 6, 59, 36, 14, 10, 95, 121, 2, 18, 119, 68, 94, 116, 78, 54, 88, 98, 96, 9, 79, 97, 15, 83, 81, 111, 61, 112, 92, 65, 117, 107, 28, 29, 23, 20, 108, 127, 5, 53, 37, 42, 106, 71, 24, 55, 33, 93, 90, 109, 73, 44, 105, 64, 16, 74, 50, 3, 101, 38, 124, 60, 41, 67, 113, 39, 0, 125, 62, 102, 58, 104, 27, 85, 63, 122, 52, 86, 80, 72, 123, 11, 51, 56, 115, 1, 70, 110, 4, 100, 25, 34, 46, 91, 19, 77, 99, 8, 120, 57, 76, 35, 48, 84, 40, 89, 118, 13, 32, 103, 45, 17, 47, 114, 12, 43, 7, 82, 75, 69, 49, 126, 87, 66]",56,2,2,[67],"[3, 5, 1, 4, 2, 0, 6]"
"[46, 38, 62, 52, 42, 6, 59, 5, 14, 10, 126, 121, 2, 34, 119, 68, 110, 101, 78, 39, 104, 67, 65, 24, 94, 81, 30, 114, 112, 95, 61, 97, 108, 80, 117, 91, 44, 60, 54, 36, 77, 127, 20, 53, 21, 11, 75, 86, 40, 55, 17, 124, 106, 93, 88, 13, 89, 64, 32, 74, 35, 18, 85, 7, 109, 45, 25, 82, 113, 23, 0, 125, 47, 71, 43, 73, 58, 116, 63, 107, 37, 102, 96, 72, 123, 26, 51, 41, 115, 16, 70, 79, 4, 69, 56, 3, 15, 122, 50, 92, 83, 8, 105, 57, 76, 19, 33, 100, 9, 120, 103, 28, 1, 87, 29, 48, 31, 99, 12, 27, 22, 98, 90, 84, 49, 111, 118, 66]",56,2,2,[],"[0, 5, 1, 4, 3, 2, 6]"
"[43, 35, 59, 49, 42, 3, 62, 5, 11, 10, 123, 124, 2, 34, 119, 65, 107, 101, 75, 39, 104, 70, 68, 24, 91, 84, 27, 114, 112, 95, 61, 100, 105, 80, 117, 94, 41, 57, 51, 33, 77, 127, 17, 53, 21, 14, 78, 83, 40, 55, 20, 121, 106, 93, 88, 13, 92, 64, 32, 74, 38, 18, 85, 7, 109, 45, 28, 82, 116, 23, 0, 125, 47, 71, 46, 76, 58, 113, 63, 110, 37, 99, 96, 72, 126, 26, 54, 44, 118, 16, 67, 79, 1, 69, 56, 6, 15, 122, 50, 89, 86, 8, 108, 60, 73, 22, 36, 97, 12, 120, 103, 25, 4, 87, 29, 48, 31, 102, 9, 30, 19, 98, 90, 81, 52, 111, 115, 66]",56,2,2,[],"[1, 5, 0, 4, 3, 2, 6]"
"[43, 35, 59, 49, 11, 34, 31, 36, 42, 10, 123, 93, 2, 3, 119, 96, 107, 101, 106, 39, 73, 70, 68, 24, 122, 84, 58, 83, 81, 126, 61, 69, 105, 80, 117, 94, 41, 57, 51, 33, 108, 127, 48, 53, 52, 14, 78, 114, 9, 55, 20, 121, 75, 124, 88, 44, 92, 64, 1, 74, 7, 18, 116, 38, 109, 45, 28, 82, 85, 54, 0, 125, 47, 102, 15, 76, 27, 113, 63, 79, 37, 99, 65, 72, 95, 26, 23, 13, 87, 16, 98, 110, 32, 100, 25, 6, 46, 91, 19, 120, 86, 8, 77, 29, 104, 22, 5, 97, 12, 89, 103, 56, 4, 118, 60, 17, 62, 71, 40, 30, 50, 67, 90, 112, 21, 111, 115, 66]",56,2,2,"[79, 104]","[2, 5, 0, 4, 3, 1, 6]"
"[58, 50, 59, 49, 26, 34, 31, 36, 42, 10, 123, 93, 2, 18, 119, 96, 122, 116, 106, 54, 88, 70, 68, 9, 107, 69, 43, 83, 81, 111, 61, 84, 120, 65, 117, 79, 56, 57, 51, 48, 108, 127, 33, 53, 37, 14, 78, 99, 24, 55, 5, 121, 90, 109, 73, 44, 77, 64, 16, 74, 22, 3, 101, 38, 124, 60, 13, 67, 85, 39, 0, 125, 62, 102, 30, 76, 27, 113, 63, 94, 52, 114, 80, 72, 95, 11, 23, 28, 87, 1, 98, 110, 32, 100, 25, 6, 46, 91, 19, 105, 71, 8, 92, 29, 104, 7, 20, 112, 12, 89, 118, 41, 4, 103, 45, 17, 47, 86, 40, 15, 35, 82, 75, 97, 21, 126, 115, 66]",56,2,2,"[67, 104]","[3, 5, 0, 4, 2, 1, 6]"
"[30, 22, 62, 52, 26, 6, 59, 5, 14, 10, 126, 121, 2, 18, 119, 68, 94, 85, 78, 23, 88, 67, 65, 40, 110, 97, 46, 114, 112, 111, 61, 81, 92, 96, 117, 107, 28, 60, 54, 20, 77, 127, 36, 53, 37, 11, 75, 102, 24, 55, 33, 124, 90, 109, 104, 13, 105, 64, 16, 74, 19, 34, 101, 7, 93, 29, 41, 98, 113, 39, 0, 125, 31, 71, 27, 73, 58, 116, 63, 91, 21, 86, 80, 72, 123, 42, 51, 25, 115, 32, 70, 79, 4, 69, 56, 3, 15, 122, 50, 108, 99, 8, 89, 57, 76, 35, 17, 84, 9, 120, 87, 44, 1, 103, 45, 48, 47, 83, 12, 43, 38, 82, 106, 100, 49, 95, 118, 66]",56,2,2,[],"[0, 5, 1, 4, 2, 3, 6]"
"[27, 19, 59, 49, 26, 3, 62, 5, 11, 10, 123, 124, 2, 18, 119, 65, 91, 85, 75, 23, 88, 70, 68, 40, 107, 100, 43, 114, 112, 111, 61, 84, 89, 96, 117, 110, 25, 57, 51, 17, 77, 127, 33, 53, 37, 14, 78, 99, 24, 55, 36, 121, 90, 109, 104, 13, 108, 64, 16, 74, 22, 34, 101, 7, 93, 29, 44, 98, 116, 39, 0, 125, 31, 71, 30, 76, 58, 113, 63, 94, 21, 83, 80, 72, 126, 42, 54, 28, 118, 32, 67, 79, 1, 69, 56, 6, 15, 122, 50, 105, 102, 8, 92, 60, 73, 38, 20, 81, 12, 120, 87, 41, 4, 103, 45, 48, 47, 86, 9, 46, 35, 82, 106, 97, 52, 95, 115, 66]",56,2,2,[],"[1, 5, 0, 4, 2, 3, 6]"
"[27, 19, 59, 49, 11, 18, 47, 20, 26, 10, 123, 109, 2, 3, 119, 80, 91, 85, 90, 23, 73, 70, 68, 40, 122, 100, 58, 99, 97, 126, 61, 69, 89, 96, 117, 110, 25, 57, 51, 17, 92, 127, 48, 53, 52, 14, 78, 114, 9, 55, 36, 121, 75, 124, 104, 28, 108, 64, 1, 74, 7, 34, 116, 22, 93, 29, 44, 98, 101, 54, 0, 125, 31, 86, 15, 76, 43, 113, 63, 79, 21, 83, 65, 72, 111, 42, 39, 13, 103, 32, 82, 94, 16, 84, 41, 6, 30, 107, 35, 120, 102, 8, 77, 45, 88, 38, 5, 81, 12, 105, 87, 56, 4, 118, 60, 33, 62, 71, 24, 46, 50, 67, 106, 112, 37, 95, 115, 66]",56,2,2,[79],"[2, 5, 0, 4, 1, 3, 6]"
"[58, 50, 59, 49, 42, 18, 47, 20, 26, 10, 123, 109, 2, 34, 119, 80, 122, 116, 90, 54, 104, 70, 68, 9, 91, 69, 27, 99, 97, 95, 61, 100, 120, 65, 117, 79, 56, 57, 51, 48, 92, 127, 17, 53, 21, 14, 78, 83, 40, 55, 5, 121, 106, 93, 73, 28, 77, 64, 32, 74, 38, 3, 85, 22, 124, 60, 13, 67, 101, 23, 0, 125, 62, 86, 46, 76, 43, 113, 63, 110, 52, 114, 96, 72, 111, 11, 39, 44, 103, 1, 82, 94, 16, 84, 41, 6, 30, 107, 35, 89, 71, 8, 108, 45, 88, 7, 36, 112, 12, 105, 118, 25, 4, 87, 29, 33, 31, 102, 24, 15, 19, 98, 75, 81, 37, 126, 115, 66]",56,2,2,[67],"[3, 5, 0, 4, 1, 2, 6]"
"[58, 50, 62, 52, 26, 34, 31, 33, 42, 10, 126, 93, 2, 18, 119, 96, 122, 113, 106, 51, 88, 67, 65, 12, 110, 69, 46, 86, 84, 111, 61, 81, 120, 68, 117, 79, 56, 60, 54, 48, 105, 127, 36, 53, 37, 11, 75, 102, 24, 55, 5, 124, 90, 109, 76, 41, 77, 64, 16, 74, 19, 6, 101, 35, 121, 57, 13, 70, 85, 39, 0, 125, 59, 99, 27, 73, 30, 116, 63, 91, 49, 114, 80, 72, 95, 14, 23, 25, 87, 4, 98, 107, 32, 97, 28, 3, 43, 94, 22, 108, 71, 8, 89, 29, 104, 7, 17, 112, 9, 92, 115, 44, 1, 103, 45, 20, 47, 83, 40, 15, 38, 82, 78, 100, 21, 123, 118, 66]",56,2,2,[104],"[0, 5, 3, 4, 2, 1, 6]"
"[27, 19, 31, 21, 26, 3, 62, 33, 11, 10, 95, 124, 2, 18, 119, 65, 91, 113, 75, 51, 88, 98, 96, 12, 79, 100, 15, 86, 84, 111, 61, 112, 89, 68, 117, 110, 25, 29, 23, 17, 105, 127, 5, 53, 37, 42, 106, 71, 24, 55, 36, 93, 90, 109, 76, 41, 108, 64, 16, 74, 50, 6, 101, 35, 121, 57, 44, 70, 116, 39, 0, 125, 59, 99, 58, 104, 30, 85, 63, 122, 49, 83, 80, 72, 126, 14, 54, 56, 118, 4, 67, 107, 1, 97, 28, 34, 43, 94, 22, 77, 102, 8, 120, 60, 73, 38, 48, 81, 40, 92, 115, 13, 32, 103, 45, 20, 47, 114, 9, 46, 7, 82, 78, 69, 52, 123, 87, 66]",56,2,2,[],"[1, 5, 3, 4, 2, 0, 6]"
"[27, 19, 31, 21, 11, 18, 47, 48, 26, 10, 95, 109, 2, 3, 119, 80, 91, 113, 90, 51, 73, 98, 96, 12, 94, 100, 30, 71, 69, 126, 61, 97, 89, 68, 117, 110, 25, 29, 23, 17, 120, 127, 20, 53, 52, 42, 106, 86, 9, 55, 36, 93, 75, 124, 76, 56, 108, 64, 1, 74, 35, 6, 116, 50, 121, 57, 44, 70, 101, 54, 0, 125, 59, 114, 43, 104, 15, 85, 63, 107, 49, 83, 65, 72, 111, 14, 39, 41, 103, 4, 82, 122, 16, 112, 13, 34, 58, 79, 7, 92, 102, 8, 105, 45, 88, 38, 33, 81, 40, 77, 115, 28, 32, 118, 60, 5, 62, 99, 24, 46, 22, 67, 78, 84, 37, 123, 87, 66]",56,2,2,[],"[2, 5, 3, 4, 1, 0, 6]"
"[30, 22, 31, 21, 14, 18, 47, 48, 26, 10, 95, 109, 2, 6, 119, 80, 94, 116, 90, 54, 76, 98, 96, 9, 91, 97, 27, 71, 69, 123, 61, 100, 92, 65, 117, 107, 28, 29, 23, 20, 120, 127, 17, 53, 49, 42, 106, 83, 12, 55, 33, 93, 78, 121, 73, 56, 105, 64, 4, 74, 38, 3, 113, 50, 124, 60, 41, 67, 101, 51, 0, 125, 62, 114, 46, 104, 15, 85, 63, 110, 52, 86, 68, 72, 111, 11, 39, 44, 103, 1, 82, 122, 16, 112, 13, 34, 58, 79, 7, 89, 99, 8, 108, 45, 88, 35, 36, 84, 40, 77, 118, 25, 32, 115, 57, 5, 59, 102, 24, 43, 19, 70, 75, 81, 37, 126, 87, 66]",56,2,2,[67],"[3, 5, 2, 4, 1, 0, 6]"
"[106, 98, 122, 50, 104, 66, 121, 3, 74, 72, 126, 61, 64, 96, 119, 6, 110, 39, 78, 99, 44, 69, 5, 24, 94, 21, 90, 116, 52, 95, 59, 37, 46, 20, 55, 93, 42, 58, 114, 34, 15, 127, 18, 51, 19, 73, 77, 86, 40, 115, 17, 62, 108, 31, 28, 11, 29, 4, 32, 76, 97, 80, 23, 67, 47, 43, 25, 84, 53, 83, 0, 63, 107, 71, 105, 13, 120, 54, 123, 109, 35, 102, 36, 12, 125, 88, 113, 41, 117, 16, 70, 79, 2, 7, 56, 65, 75, 124, 112, 30, 85, 8, 45, 57, 14, 81, 33, 38, 9, 60, 103, 26, 1, 87, 27, 48, 91, 101, 10, 89, 82, 100, 92, 22, 49, 111, 118, 68]",56,2,2,[],"[0, 1, 6, 4, 3, 2, 5]"
"[105, 97, 121, 49, 104, 65, 122, 3, 73, 72, 125, 62, 64, 96, 119, 5, 109, 39, 77, 99, 44, 70, 6, 24, 93, 22, 89, 116, 52, 95, 59, 38, 45, 20, 55, 94, 41, 57, 113, 33, 15, 127, 17, 51, 19, 74, 78, 85, 40, 115, 18, 61, 108, 31, 28, 11, 30, 4, 32, 76, 98, 80, 23, 67, 47, 43, 26, 84, 54, 83, 0, 63, 107, 71, 106, 14, 120, 53, 123, 110, 35, 101, 36, 12, 126, 88, 114, 42, 118, 16, 69, 79, 1, 7, 56, 66, 75, 124, 112, 29, 86, 8, 46, 58, 13, 82, 34, 37, 10, 60, 103, 25, 2, 87, 27, 48, 91, 102, 9, 90, 81, 100, 92, 21, 50, 111, 117, 68]",56,2,2,[],"[1, 0, 6, 4, 3, 2, 5]"
"[105, 97, 121, 49, 73, 96, 91, 34, 104, 72, 125, 31, 64, 65, 119, 36, 109, 39, 108, 99, 13, 70, 6, 24, 124, 22, 120, 85, 21, 126, 59, 7, 45, 20, 55, 94, 41, 57, 113, 33, 46, 127, 48, 51, 50, 74, 78, 116, 9, 115, 18, 61, 77, 62, 28, 42, 30, 4, 1, 76, 67, 80, 54, 98, 47, 43, 26, 84, 23, 114, 0, 63, 107, 102, 75, 14, 89, 53, 123, 79, 35, 101, 5, 12, 95, 88, 83, 11, 87, 16, 100, 110, 32, 38, 25, 66, 106, 93, 81, 60, 86, 8, 15, 27, 44, 82, 3, 37, 10, 29, 103, 56, 2, 118, 58, 17, 122, 71, 40, 90, 112, 69, 92, 52, 19, 111, 117, 68]",56,2,2,[79],"[2, 0, 6, 4, 3, 1, 5]"
"[120, 112, 121, 49, 88, 96, 91, 34, 104, 72, 125, 31, 64, 80, 119, 36, 124, 54, 108, 114, 28, 70, 6, 9, 109, 7, 105, 85, 21, 111, 59, 22, 60, 5, 55, 79, 56, 57, 113, 48, 46, 127, 33, 51, 35, 74, 78, 101, 24, 115, 3, 61, 92, 47, 13, 42, 15, 4, 16, 76, 82, 65, 39, 98, 62, 58, 11, 69, 23, 99, 0, 63, 122, 102, 90, 14, 89, 53, 123, 94, 50, 116, 20, 12, 95, 73, 83, 26, 87, 1, 100, 110, 32, 38, 25, 66, 106, 93, 81, 45, 71, 8, 30, 27, 44, 67, 18, 52, 10, 29, 118, 41, 2, 103, 43, 17, 107, 86, 40, 75, 97, 84, 77, 37, 19, 126, 117, 68]",56,2,2,[],"[3, 0, 6, 4, 2, 1, 5]"
"[106, 98, 122, 50, 74, 96, 91, 33, 104, 72, 126, 31, 64, 66, 119, 36, 110, 39, 108, 99, 14, 69, 5, 24, 124, 21, 120, 86, 22, 125, 59, 7, 46, 20, 55, 93, 42, 58, 114, 34, 45, 127, 48, 51, 49, 73, 77, 116, 10, 115, 17, 62, 78, 61, 28, 41, 29, 4, 2, 76, 67, 80, 53, 97, 47, 43, 25, 84, 23, 113, 0, 63, 107, 101, 75, 13, 90, 54, 123, 79, 35, 102, 6, 12, 95, 88, 83, 11, 87, 16, 100, 109, 32, 37, 26, 65, 105, 94, 82, 60, 85, 8, 15, 27, 44, 81, 3, 38, 9, 30, 103, 56, 1, 117, 57, 18, 121, 71, 40, 89, 112, 70, 92, 52, 19, 111, 118, 68]",56,2,2,[79],"[0, 2, 6, 4, 3, 1, 5]"
"[75, 67, 91, 19, 74, 65, 122, 33, 73, 72, 95, 62, 64, 66, 119, 5, 79, 39, 77, 99, 14, 100, 36, 24, 93, 52, 89, 86, 22, 125, 59, 38, 15, 20, 55, 124, 11, 27, 83, 3, 45, 127, 17, 51, 49, 104, 108, 85, 10, 115, 48, 31, 78, 61, 28, 41, 60, 4, 2, 76, 98, 80, 53, 97, 47, 43, 56, 84, 54, 113, 0, 63, 107, 101, 106, 44, 90, 23, 123, 110, 35, 71, 6, 12, 126, 88, 114, 42, 118, 16, 69, 109, 1, 37, 26, 96, 105, 94, 82, 29, 116, 8, 46, 58, 13, 112, 34, 7, 40, 30, 103, 25, 32, 117, 57, 18, 121, 102, 9, 120, 81, 70, 92, 21, 50, 111, 87, 68]",56,2,2,[],"[1, 2, 6, 4, 3, 0, 5]"
"[75, 67, 91, 19, 73, 66, 121, 34, 74, 72, 95, 61, 64, 65, 119, 6, 79, 39, 78, 99, 13, 100, 36, 24, 94, 52, 90, 85, 21, 126, 59, 37, 15, 20, 55, 124, 11, 27, 83, 3, 46, 127, 18, 51, 50, 104, 108, 86, 9, 115, 48, 31, 77, 62, 28, 42, 60, 4, 1, 76, 97, 80, 54, 98, 47, 43, 56, 84, 53, 114, 0, 63, 107, 102, 105, 44, 89, 23, 123, 109, 35, 71, 5, 12, 125, 88, 113, 41, 117, 16, 70, 110, 2, 38, 25, 96, 106, 93, 81, 30, 116, 8, 45, 57, 14, 112, 33, 7, 40, 29, 103, 26, 32, 118, 58, 17, 122, 101, 10, 120, 82, 69, 92, 22, 49, 111, 87, 68]",56,2,2,[],"[2, 1, 6, 4, 3, 0, 5]"
"[90, 82, 91, 19, 88, 66, 121, 34, 74, 72, 95, 61, 64, 80, 119, 6, 94, 54, 78, 114, 28, 100, 36, 9, 79, 37, 75, 85, 21, 111, 59, 52, 30, 5, 55, 109, 26, 27, 83, 18, 46, 127, 3, 51, 35, 104, 108, 71, 24, 115, 33, 31, 92, 47, 13, 42, 45, 4, 16, 76, 112, 65, 39, 98, 62, 58, 41, 69, 53, 99, 0, 63, 122, 102, 120, 44, 89, 23, 123, 124, 50, 86, 20, 12, 125, 73, 113, 56, 117, 1, 70, 110, 2, 38, 25, 96, 106, 93, 81, 15, 101, 8, 60, 57, 14, 97, 48, 22, 40, 29, 118, 11, 32, 103, 43, 17, 107, 116, 10, 105, 67, 84, 77, 7, 49, 126, 87, 68]",56,2,2,[],"[3, 1, 6, 4, 2, 0, 5]"
"[120, 112, 122, 50, 88, 96, 91, 33, 104, 72, 126, 31, 64, 80, 119, 36, 124, 53, 108, 113, 28, 69, 5, 10, 110, 7, 106, 86, 22, 111, 59, 21, 60, 6, 55, 79, 56, 58, 114, 48, 45, 127, 34, 51, 35, 73, 77, 102, 24, 115, 3, 62, 92, 47, 14, 41, 15, 4, 16, 76, 81, 66, 39, 97, 61, 57, 11, 70, 23, 99, 0, 63, 121, 101, 89, 13, 90, 54, 123, 93, 49, 116, 20, 12, 95, 74, 83, 25, 87, 2, 100, 109, 32, 37, 26, 65, 105, 94, 82, 46, 71, 8, 29, 27, 44, 67, 17, 52, 9, 30, 117, 42, 1, 103, 43, 18, 107, 85, 40, 75, 98, 84, 78, 38, 19, 125, 118, 68]",56,2,2,[125],"[0, 3, 6, 4, 2, 1, 5]"
"[89, 81, 91, 19, 88, 65, 122, 33, 73, 72, 95, 62, 64, 80, 119, 5, 93, 53, 77, 113, 28, 100, 36, 10, 79, 38, 75, 86, 22, 111, 59, 52, 29, 6, 55, 110, 25, 27, 83, 17, 45, 127, 3, 51, 35, 104, 108, 71, 24, 115, 34, 31, 92, 47, 14, 41, 46, 4, 16, 76, 112, 66, 39, 97, 61, 57, 42, 70, 54, 99, 0, 63, 121, 101, 120, 44, 90, 23, 123, 124, 49, 85, 20, 12, 126, 74, 114, 56, 118, 2, 69, 109, 1, 37, 26, 96, 105, 94, 82, 15, 102, 8, 60, 58, 13, 98, 48, 21, 40, 30, 117, 11, 32, 103, 43, 18, 107, 116, 9, 106, 67, 84, 78, 7, 50, 125, 87, 68]",56,2,2,[125],"[1, 3, 6, 4, 2, 0, 5]"
"[89, 81, 91, 19, 73, 80, 107, 48, 88, 72, 95, 47, 64, 65, 119, 20, 93, 53, 92, 113, 13, 100, 36, 10, 94, 38, 90, 71, 7, 126, 59, 37, 29, 6, 55, 110, 25, 27, 83, 17, 60, 127, 18, 51, 50, 104, 108, 86, 9, 115, 34, 31, 77, 62, 14, 56, 46, 4, 1, 76, 97, 66, 54, 112, 61, 57, 42, 70, 39, 114, 0, 63, 121, 116, 105, 44, 75, 23, 123, 109, 49, 85, 5, 12, 111, 74, 99, 41, 103, 2, 84, 124, 16, 52, 11, 96, 120, 79, 67, 30, 102, 8, 45, 43, 28, 98, 33, 21, 40, 15, 117, 26, 32, 118, 58, 3, 122, 101, 24, 106, 82, 69, 78, 22, 35, 125, 87, 68]",56,2,2,[125],"[2, 3, 6, 4, 1, 0, 5]"
"[90, 82, 91, 19, 74, 80, 107, 48, 88, 72, 95, 47, 64, 66, 119, 20, 94, 54, 92, 114, 14, 100, 36, 9, 93, 37, 89, 71, 7, 125, 59, 38, 30, 5, 55, 109, 26, 27, 83, 18, 60, 127, 17, 51, 49, 104, 108, 85, 10, 115, 33, 31, 78, 61, 13, 56, 45, 4, 2, 76, 98, 65, 53, 112, 62, 58, 41, 69, 39, 113, 0, 63, 122, 116, 106, 44, 75, 23, 123, 110, 50, 86, 6, 12, 111, 73, 99, 42, 103, 1, 84, 124, 16, 52, 11, 96, 120, 79, 67, 29, 101, 8, 46, 43, 28, 97, 34, 22, 40, 15, 118, 25, 32, 117, 57, 3, 121, 102, 24, 105, 81, 70, 77, 21, 35, 126, 87, 68]",56,2,2,[],"[3, 2, 6, 4, 1, 0, 5]"
"[90, 82, 122, 50, 88, 66, 121, 3, 74, 72, 126, 61, 64, 80, 119, 6, 94, 23, 78, 83, 28, 69, 5, 40, 110, 37, 106, 116, 52, 111, 59, 21, 30, 36, 55, 109, 26, 58, 114, 18, 15, 127, 34, 51, 35, 73, 77, 102, 24, 115, 33, 62, 92, 47, 44, 11, 45, 4, 16, 76, 81, 96, 39, 67, 31, 27, 41, 100, 53, 99, 0, 63, 91, 71, 89, 13, 120, 54, 123, 93, 19, 86, 20, 12, 125, 104, 113, 25, 117, 32, 70, 79, 2, 7, 56, 65, 75, 124, 112, 46, 101, 8, 29, 57, 14, 97, 17, 22, 9, 60, 87, 42, 1, 103, 43, 48, 107, 85, 10, 105, 98, 84, 108, 38, 49, 95, 118, 68]",56,2,2,[],"[0, 1, 6, 4, 2, 3, 5]"
"[89, 81, 121, 49, 88, 65, 122, 3, 73, 72, 125, 62, 64, 80, 119, 5, 93, 23, 77, 83, 28, 70, 6, 40, 109, 38, 105, 116, 52, 111, 59, 22, 29, 36, 55, 110, 25, 57, 113, 17, 15, 127, 33, 51, 35, 74, 78, 101, 24, 115, 34, 61, 92, 47, 44, 11, 46, 4, 16, 76, 82, 96, 39, 67, 31, 27, 42, 100, 54, 99, 0, 63, 91, 71, 90, 14, 120, 53, 123, 94, 19, 85, 20, 12, 126, 104, 114, 26, 118, 32, 69, 79, 1, 7, 56, 66, 75, 124, 112, 45, 102, 8, 30, 58, 13, 98, 18, 21, 10, 60, 87, 41, 2, 103, 43, 48, 107, 86, 9, 106, 97, 84, 108, 37, 50, 95, 117, 68]",56,2,2,[],"[1, 0, 6, 4, 2, 3, 5]"
"[89, 81, 121, 49, 73, 80, 107, 18, 88, 72, 125, 47, 64, 65, 119, 20, 93, 23, 92, 83, 13, 70, 6, 40, 124, 38, 120, 101, 37, 126, 59, 7, 29, 36, 55, 110, 25, 57, 113, 17, 30, 127, 48, 51, 50, 74, 78, 116, 9, 115, 34, 61, 77, 62, 44, 26, 46, 4, 1, 76, 67, 96, 54, 82, 31, 27, 42, 100, 39, 114, 0, 63, 91, 86, 75, 14, 105, 53, 123, 79, 19, 85, 5, 12, 111, 104, 99, 11, 103, 32, 84, 94, 16, 22, 41, 66, 90, 109, 97, 60, 102, 8, 15, 43, 28, 98, 3, 21, 10, 45, 87, 56, 2, 118, 58, 33, 122, 71, 24, 106, 112, 69, 108, 52, 35, 95, 117, 68]",56,2,2,[79],"[2, 0, 6, 4, 1, 3, 5]"
"[120, 112, 121, 49, 104, 80, 107, 18, 88, 72, 125, 47, 64, 96, 119, 20, 124, 54, 92, 114, 44, 70, 6, 9, 93, 7, 89, 101, 37, 95, 59, 38, 60, 5, 55, 79, 56, 57, 113, 48, 30, 127, 17, 51, 19, 74, 78, 85, 40, 115, 3, 61, 108, 31, 13, 26, 15, 4, 32, 76, 98, 65, 23, 82, 62, 58, 11, 69, 39, 83, 0, 63, 122, 86, 106, 14, 105, 53, 123, 110, 50, 116, 36, 12, 111, 73, 99, 42, 103, 1, 84, 94, 16, 22, 41, 66, 90, 109, 97, 29, 71, 8, 46, 43, 28, 67, 34, 52, 10, 45, 118, 25, 2, 87, 27, 33, 91, 102, 24, 75, 81, 100, 77, 21, 35, 126, 117, 68]",56,2,2,[],"[3, 0, 6, 4, 1, 2, 5]"
"[106, 98, 122, 112, 42, 66, 59, 65, 74, 10, 126, 61, 2, 34, 119, 68, 110, 101, 78, 99, 44, 7, 5, 24, 94, 21, 90, 54, 52, 95, 121, 37, 108, 20, 117, 31, 104, 120, 114, 96, 77, 127, 80, 113, 81, 11, 15, 86, 40, 115, 17, 124, 46, 93, 28, 73, 29, 4, 32, 14, 35, 18, 85, 67, 109, 105, 25, 22, 53, 83, 0, 125, 107, 71, 43, 13, 58, 116, 123, 47, 97, 102, 36, 12, 63, 26, 51, 41, 55, 16, 70, 79, 64, 69, 56, 3, 75, 62, 50, 92, 23, 8, 45, 57, 76, 19, 33, 100, 9, 60, 103, 88, 1, 87, 89, 48, 91, 39, 72, 27, 82, 38, 30, 84, 49, 111, 118, 6]",56,2,2,[],"[0, 5, 6, 4, 3, 2, 1]"
"[43, 35, 59, 49, 42, 3, 122, 65, 11, 10, 63, 124, 2, 34, 119, 5, 47, 101, 15, 99, 44, 70, 68, 24, 31, 84, 27, 54, 52, 95, 121, 100, 45, 20, 117, 94, 41, 57, 51, 33, 77, 127, 17, 113, 81, 74, 78, 23, 40, 115, 80, 61, 46, 93, 28, 73, 92, 4, 32, 14, 98, 18, 85, 67, 109, 105, 88, 22, 116, 83, 0, 125, 107, 71, 106, 76, 58, 53, 123, 110, 97, 39, 36, 12, 126, 26, 114, 104, 118, 16, 7, 79, 1, 69, 56, 66, 75, 62, 50, 29, 86, 8, 108, 120, 13, 82, 96, 37, 72, 60, 103, 25, 64, 87, 89, 48, 91, 102, 9, 90, 19, 38, 30, 21, 112, 111, 55, 6]",56,2,2,[],"[1, 5, 6, 4, 3, 2, 0]"
"[43, 35, 59, 49, 11, 34, 91, 96, 42, 10, 63, 93, 2, 3, 119, 36, 47, 101, 46, 99, 13, 70, 68, 24, 62, 84, 58, 23, 21, 126, 121, 69, 45, 20, 117, 94, 41, 57, 51, 33, 108, 127, 48, 113, 112, 74, 78, 54, 9, 115, 80, 61, 15, 124, 28, 104, 92, 4, 1, 14, 67, 18, 116, 98, 109, 105, 88, 22, 85, 114, 0, 125, 107, 102, 75, 76, 27, 53, 123, 79, 97, 39, 5, 12, 95, 26, 83, 73, 87, 16, 38, 110, 32, 100, 25, 66, 106, 31, 19, 60, 86, 8, 77, 89, 44, 82, 65, 37, 72, 29, 103, 56, 64, 118, 120, 17, 122, 71, 40, 90, 50, 7, 30, 52, 81, 111, 55, 6]",56,2,2,[79],"[2, 5, 6, 4, 3, 1, 0]"
"[58, 50, 59, 49, 26, 34, 91, 96, 42, 10, 63, 93, 2, 18, 119, 36, 62, 116, 46, 114, 28, 70, 68, 9, 47, 69, 43, 23, 21, 111, 121, 84, 60, 5, 117, 79, 56, 57, 51, 48, 108, 127, 33, 113, 97, 74, 78, 39, 24, 115, 65, 61, 30, 109, 13, 104, 77, 4, 16, 14, 82, 3, 101, 98, 124, 120, 73, 7, 85, 99, 0, 125, 122, 102, 90, 76, 27, 53, 123, 94, 112, 54, 20, 12, 95, 11, 83, 88, 87, 1, 38, 110, 32, 100, 25, 66, 106, 31, 19, 45, 71, 8, 92, 89, 44, 67, 80, 52, 72, 29, 118, 41, 64, 103, 105, 17, 107, 86, 40, 75, 35, 22, 15, 37, 81, 126, 55, 6]",56,2,2,[],"[3, 5, 6, 4, 2, 1, 0]"
"[106, 98, 122, 112, 74, 34, 91, 33, 42, 10, 126, 93, 2, 66, 119, 36, 110, 101, 46, 99, 76, 7, 5, 24, 62, 21, 58, 86, 84, 63, 121, 69, 108, 20, 117, 31, 104, 120, 114, 96, 45, 127, 48, 113, 49, 11, 15, 54, 72, 115, 17, 124, 78, 61, 28, 41, 29, 4, 64, 14, 67, 18, 53, 35, 109, 105, 25, 22, 85, 51, 0, 125, 107, 39, 75, 13, 90, 116, 123, 79, 97, 102, 68, 12, 95, 26, 83, 73, 87, 16, 38, 47, 32, 37, 88, 3, 43, 94, 82, 60, 23, 8, 77, 89, 44, 19, 65, 100, 9, 92, 103, 56, 1, 55, 57, 80, 59, 71, 40, 27, 50, 70, 30, 52, 81, 111, 118, 6]",56,2,2,[79],"[0, 5, 6, 4, 3, 1, 2]"
"[75, 67, 91, 81, 74, 3, 122, 33, 11, 10, 95, 124, 2, 66, 119, 5, 79, 101, 15, 99, 76, 38, 36, 24, 31, 52, 27, 86, 84, 63, 121, 100, 77, 20, 117, 62, 73, 89, 83, 65, 45, 127, 17, 113, 49, 42, 46, 23, 72, 115, 48, 93, 78, 61, 28, 41, 60, 4, 64, 14, 98, 18, 53, 35, 109, 105, 56, 22, 116, 51, 0, 125, 107, 39, 106, 44, 90, 85, 123, 110, 97, 71, 68, 12, 126, 26, 114, 104, 118, 16, 7, 47, 1, 37, 88, 34, 43, 94, 82, 29, 54, 8, 108, 120, 13, 50, 96, 69, 40, 92, 103, 25, 32, 55, 57, 80, 59, 102, 9, 58, 19, 70, 30, 21, 112, 111, 87, 6]",56,2,2,[46],"[1, 5, 6, 4, 3, 0, 2]"
"[75, 67, 91, 81, 11, 66, 59, 96, 74, 10, 95, 61, 2, 3, 119, 68, 79, 101, 78, 99, 13, 38, 36, 24, 94, 52, 90, 23, 21, 126, 121, 37, 77, 20, 117, 62, 73, 89, 83, 65, 108, 127, 80, 113, 112, 42, 46, 86, 9, 115, 48, 93, 15, 124, 28, 104, 60, 4, 1, 14, 35, 18, 116, 98, 109, 105, 56, 22, 53, 114, 0, 125, 107, 102, 43, 44, 27, 85, 123, 47, 97, 71, 5, 12, 63, 26, 51, 41, 55, 16, 70, 110, 64, 100, 25, 34, 106, 31, 19, 92, 54, 8, 45, 57, 76, 50, 33, 69, 40, 29, 103, 88, 32, 118, 120, 17, 122, 39, 72, 58, 82, 7, 30, 84, 49, 111, 87, 6]",56,2,2,[46],"[2, 5, 6, 4, 3, 0, 1]"
"[90, 82, 91, 81, 26, 66, 59, 96, 74, 10, 95, 61, 2, 18, 119, 68, 94, 116, 78, 114, 28, 38, 36, 9, 79, 37, 75, 23, 21, 111, 121, 52, 92, 5, 117, 47, 88, 89, 83, 80, 108, 127, 65, 113, 97, 42, 46, 71, 24, 115, 33, 93, 30, 109, 13, 104, 45, 4, 16, 14, 50, 3, 101, 98, 124, 120, 41, 7, 53, 99, 0, 125, 122, 102, 58, 44, 27, 85, 123, 62, 112, 86, 20, 12, 63, 11, 51, 56, 55, 1, 70, 110, 64, 100, 25, 34, 106, 31, 19, 77, 39, 8, 60, 57, 76, 35, 48, 84, 40, 29, 118, 73, 32, 103, 105, 17, 107, 54, 72, 43, 67, 22, 15, 69, 49, 126, 87, 6]",56,2,2,[46],"[3, 5, 6, 4, 2, 0, 1]"
"[58, 50, 122, 112, 26, 34, 91, 33, 42, 10, 126, 93, 2, 18, 119, 36, 62, 53, 46, 51, 28, 7, 5, 72, 110, 69, 106, 86, 84, 111, 121, 21, 60, 68, 117, 79, 56, 120, 114, 48, 45, 127, 96, 113, 97, 11, 15, 102, 24, 115, 65, 124, 30, 109, 76, 41, 77, 4, 16, 14, 19, 66, 101, 35, 61, 57, 73, 70, 85, 99, 0, 125, 59, 39, 27, 13, 90, 116, 123, 31, 49, 54, 20, 12, 95, 74, 83, 25, 87, 64, 38, 47, 32, 37, 88, 3, 43, 94, 82, 108, 71, 8, 29, 89, 44, 67, 17, 52, 9, 92, 55, 104, 1, 103, 105, 80, 107, 23, 40, 75, 98, 22, 78, 100, 81, 63, 118, 6]",56,2,2,[],"[0, 5, 6, 4, 2, 1, 3]"
"[27, 19, 91, 81, 26, 3, 122, 33, 11, 10, 95, 124, 2, 18, 119, 5, 31, 53, 15, 51, 28, 38, 36, 72, 79, 100, 75, 86, 84, 111, 121, 52, 29, 68, 117, 110, 25, 89, 83, 17, 45, 127, 65, 113, 97, 42, 46, 71, 24, 115, 96, 93, 30, 109, 76, 41, 108, 4, 16, 14, 50, 66, 101, 35, 61, 57, 104, 70, 116, 99, 0, 125, 59, 39, 58, 44, 90, 85, 123, 62, 49, 23, 20, 12, 126, 74, 114, 56, 118, 64, 7, 47, 1, 37, 88, 34, 43, 94, 82, 77, 102, 8, 60, 120, 13, 98, 48, 21, 40, 92, 55, 73, 32, 103, 105, 80, 107, 54, 9, 106, 67, 22, 78, 69, 112, 63, 87, 6]",56,2,2,[46],"[1, 5, 6, 4, 2, 0, 3]"
"[27, 19, 91, 81, 11, 18, 107, 48, 26, 10, 95, 109, 2, 3, 119, 20, 31, 53, 30, 51, 13, 38, 36, 72, 94, 100, 90, 71, 69, 126, 121, 37, 29, 68, 117, 110, 25, 89, 83, 17, 60, 127, 80, 113, 112, 42, 46, 86, 9, 115, 96, 93, 15, 124, 76, 56, 108, 4, 1, 14, 35, 66, 116, 50, 61, 57, 104, 70, 101, 114, 0, 125, 59, 54, 43, 44, 75, 85, 123, 47, 49, 23, 5, 12, 111, 74, 99, 41, 103, 64, 22, 62, 16, 52, 73, 34, 58, 79, 67, 92, 102, 8, 45, 105, 28, 98, 33, 21, 40, 77, 55, 88, 32, 118, 120, 65, 122, 39, 24, 106, 82, 7, 78, 84, 97, 63, 87, 6]",56,2,2,[46],"[2, 5, 6, 4, 1, 0, 3]"
"[90, 82, 91, 81, 74, 18, 107, 48, 26, 10, 95, 109, 2, 66, 119, 20, 94, 116, 30, 114, 76, 38, 36, 9, 31, 37, 27, 71, 69, 63, 121, 100, 92, 5, 117, 47, 88, 89, 83, 80, 60, 127, 17, 113, 49, 42, 46, 23, 72, 115, 33, 93, 78, 61, 13, 56, 45, 4, 64, 14, 98, 3, 53, 50, 124, 120, 41, 7, 101, 51, 0, 125, 122, 54, 106, 44, 75, 85, 123, 110, 112, 86, 68, 12, 111, 11, 99, 104, 103, 1, 22, 62, 16, 52, 73, 34, 58, 79, 67, 29, 39, 8, 108, 105, 28, 35, 96, 84, 40, 77, 118, 25, 32, 55, 57, 65, 59, 102, 24, 43, 19, 70, 15, 21, 97, 126, 87, 6]",56,2,2,[46],"[3, 5, 6, 4, 1, 0, 2]"
"[90, 82, 122, 112, 26, 66, 59, 65, 74, 10, 126, 61, 2, 18, 119, 68, 94, 85, 78, 83, 28, 7, 5, 40, 110, 37, 106, 54, 52, 111, 121, 21, 92, 36, 117, 47, 88, 120, 114, 80, 77, 127, 96, 113, 97, 11, 15, 102, 24, 115, 33, 124, 30, 109, 44, 73, 45, 4, 16, 14, 19, 34, 101, 67, 93, 89, 41, 38, 53, 99, 0, 125, 91, 71, 27, 13, 58, 116, 123, 31, 81, 86, 20, 12, 63, 42, 51, 25, 55, 32, 70, 79, 64, 69, 56, 3, 75, 62, 50, 108, 39, 8, 29, 57, 76, 35, 17, 84, 9, 60, 87, 104, 1, 103, 105, 48, 107, 23, 72, 43, 98, 22, 46, 100, 49, 95, 118, 6]",56,2,2,[],"[0, 5, 6, 4, 2, 3, 1]"
"[27, 19, 59, 49, 26, 3, 122, 65, 11, 10, 63, 124, 2, 18, 119, 5, 31, 85, 15, 83, 28, 70, 68, 40, 47, 100, 43, 54, 52, 111, 121, 84, 29, 36, 117, 110, 25, 57, 51, 17, 77, 127, 33, 113, 97, 74, 78, 39, 24, 115, 96, 61, 30, 109, 44, 73, 108, 4, 16, 14, 82, 34, 101, 67, 93, 89, 104, 38, 116, 99, 0, 125, 91, 71, 90, 76, 58, 53, 123, 94, 81, 23, 20, 12, 126, 42, 114, 88, 118, 32, 7, 79, 1, 69, 56, 66, 75, 62, 50, 45, 102, 8, 92, 120, 13, 98, 80, 21, 72, 60, 87, 41, 64, 103, 105, 48, 107, 86, 9, 106, 35, 22, 46, 37, 112, 95, 55, 6]",56,2,2,[],"[1, 5, 6, 4, 2, 3, 0]"
"[27, 19, 59, 49, 11, 18, 107, 80, 26, 10, 63, 109, 2, 3, 119, 20, 31, 85, 30, 83, 13, 70, 68, 40, 62, 100, 58, 39, 37, 126, 121, 69, 29, 36, 117, 110, 25, 57, 51, 17, 92, 127, 48, 113, 112, 74, 78, 54, 9, 115, 96, 61, 15, 124, 44, 88, 108, 4, 1, 14, 67, 34, 116, 82, 93, 89, 104, 38, 101, 114, 0, 125, 91, 86, 75, 76, 43, 53, 123, 79, 81, 23, 5, 12, 111, 42, 99, 73, 103, 32, 22, 94, 16, 84, 41, 66, 90, 47, 35, 60, 102, 8, 77, 105, 28, 98, 65, 21, 72, 45, 87, 56, 64, 118, 120, 33, 122, 71, 24, 106, 50, 7, 46, 52, 97, 95, 55, 6]",56,2,2,[79],"[2, 5, 6, 4, 1, 3, 0]"
"[58, 50, 59, 49, 42, 18, 107, 80, 26, 10, 63, 109, 2, 34, 119, 20, 62, 116, 30, 114, 44, 70, 68, 9, 31, 69, 27, 39, 37, 95, 121, 100, 60, 5, 117, 79, 56, 57, 51, 48, 92, 127, 17, 113, 81, 74, 78, 23, 40, 115, 65, 61, 46, 93, 13, 88, 77, 4, 32, 14, 98, 3, 85, 82, 124, 120, 73, 7, 101, 83, 0, 125, 122, 86, 106, 76, 43, 53, 123, 110, 112, 54, 36, 12, 111, 11, 99, 104, 103, 1, 22, 94, 16, 84, 41, 66, 90, 47, 35, 29, 71, 8, 108, 105, 28, 67, 96, 52, 72, 45, 118, 25, 64, 87, 89, 33, 91, 102, 24, 75, 19, 38, 15, 21, 97, 126, 55, 6]",56,2,2,[],"[3, 5, 6, 4, 1, 2, 0]"
